Ticker,Name,Sector,Industry,Price,MarketCap,PriceChg1Y,PriceChg3Y,PriceChg5Y,PriceChg10Y,Sales_D,Sales_Pct,Profits_D,Profits_Pct,Q,P,O,Score_Sector,Score_Sector_Adj,Score_Ind,Score_Ind_Adj,Rank_Sales_D,Rank_Price3Y,Rank_Sales_TotalShare,Rank_Profits_D,Rank_Sales_D_Sec,Rank_Price3Y_Sec,Rank_Sales_D_Ind,Rank_Price3Y_Ind,Sales_D_SecShare,Sales_D_IndShare,OnGRNY
APP,AppLovin Corporation,Information Technology,Software,490.666,164834.1,0.2797,1.7795,0.4285,,2459.5262581885927,0.12470441839758273,629.1999999999998,0.18873640794900637,0.3333333333333333,1.0,3,45.0,45.0,9.666666666666666,9.666666666666666,112.0,1.0,261.0,59.0,22.0,1.0,6.0,1.0,0.006055987840944381,0.030068181623346846,False
AMZN,Amazon.com Inc.,Consumer Discretionary,Broadline Retail,237.088,2550381.56,0.112,0.2423,0.0721,0.2076,92473.0758185956,0.036059610223677874,13128.0,0.1690227887215141,0.5,2.0,4,4.666666666666667,1000.0,1.3333333333333333,1000.0,2.0,99.0,1.0,5.0,1.0,11.0,1.0,2.0,0.6300435997462542,0.9862200076057178,True
RKLB,Rocket Lab Corporation,Industrials,Aerospace and Defense,110.016,63684.68,3.0211,1.7546,0.6003,,213.57163409449356,0.1292455965437025,15.590000000000003,-0.07865395287826049,0.5,2.0,4,100.0,100.0,18.0,18.0,258.0,2.0,294.0,208.0,41.0,1.0,12.0,1.0,0.0018291914043447645,0.0038822234265535106,False
GOOGL,Alphabet Inc.,Communication Services,Interactive Media and Services,347.679,4226276.41,0.9604,0.4155,0.2339,0.252,62772.159216687956,0.04880894458290719,28038.0,0.21213588560187646,0.6,3.0,5,2.3333333333333335,2.3333333333333335,1.0,1.0,3.0,49.0,5.0,2.0,1.0,3.0,1.0,1.0,0.45324323444896053,0.5846178458102136,True
LITE,Lumentum Holdings Inc.,Information Technology,Communications Equipment,865.828,67361.42,9.5127,1.5625,0.6066,0.4277,1015.7996922712748,0.5127051671732523,414.0,15.984555984555985,0.6666666666666666,4.0,6,75.66666666666667,75.66666666666667,13.666666666666666,13.666666666666666,189.0,4.0,290.0,79.0,36.0,2.0,4.0,1.0,0.0025011607681556143,0.09557626383721812,False
AAPL,Apple Inc.,Information Technology,Technology Hardware Storage and Peripherals,293.324,4308154.01,0.4756,0.1742,0.1815,0.2805,51085.49059950333,0.08477728571394239,10565.0,0.0943219355414695,0.8,4.0,5,14.666666666666666,14.666666666666666,2.3333333333333335,2.3333333333333335,4.0,132.0,3.0,6.0,2.0,38.0,1.0,4.0,0.12578565034191572,0.5033039194744255,True
ASTS,AST SpaceMobile Inc.,Communication Services,Diversified Telecommunication Services,93.067,36121.59,1.5519,1.5231,0.557,,80.30373957469106,0.19768753525098703,-145.31,0.42495759489969,1.0,5.0,5,92.33333333333333,92.33333333333333,5.666666666666667,5.666666666666667,264.0,5.0,297.0,244.0,12.0,1.0,4.0,1.0,0.0005798291331279203,0.008687732839139444,False
MSFT,Microsoft Corporation,Information Technology,Software,386.519,2871231.15,-0.1822,0.0574,0.0842,0.2232,48252.63858488167,0.12973335605060266,23384.0,0.22963312121926305,1.0,5.0,5,17.333333333333332,1000.0,4.666666666666667,1000.0,5.0,221.0,11.0,3.0,3.0,44.0,1.0,10.0,0.11881043822591314,0.589897788627181,True
MU,Micron Technology Inc.,Information Technology,Semiconductors and Semiconductor Equipment,923.365,1041310.15,6.958,1.4107,0.6333,0.5416,26796.44543249798,0.5548986034565788,15572.0,1.8236327438810167,1.1111111111111112,10.0,9,7.0,7.0,2.6666666666666665,2.6666666666666665,13.0,7.0,71.0,4.0,5.0,3.0,2.0,1.0,0.06597975816662091,0.14912116994306446,False
MCK,McKesson Corporation,Health Care,Health Care Providers and Services,797.264,95834.36,0.1108,0.2641,0.3244,0.1569,44378.736205055146,0.12360082550946805,1467.0,0.4452200303490137,1.1666666666666667,7.0,6,3.6666666666666665,3.6666666666666665,1.3333333333333333,1.3333333333333333,7.0,89.0,7.0,31.0,1.0,3.0,1.0,2.0,0.15371166139603548,0.20049184100446796,False
NVDA,NVIDIA Corporation,Information Technology,Semiconductors and Semiconductor Equipment,201.36,4877044.96,0.4098,0.7292,0.6236,0.6748,104972.72017811108,0.17390639905898908,39546.0,0.3293661039253084,1.2777777777777777,11.5,9,4.666666666666667,4.666666666666667,1.6666666666666667,1.6666666666666667,1.0,22.0,14.0,1.0,1.0,12.0,1.0,3.0,0.2584699044838382,0.5841690788615395,True
WDC,Western Digital Corporation,Information Technology,Technology Hardware Storage and Peripherals,505.849,174357.11,8.0866,1.3287,0.4654,0.2684,-3827.876109712468,0.23707983193277316,4622.0,2.4467972472207515,1.2857142857142858,9.0,7,116.0,116.0,20.0,20.0,290.0,9.0,214.0,12.0,54.0,4.0,5.0,1.0,-0.009425218006874663,-0.03771295972049512,False
META,Meta Platforms Inc.,Communication Services,Interactive Media and Services,561.023,1424113.86,-0.1918,0.2832,0.1111,0.1699,44600.818988746236,0.06964859727516104,10129.0,0.16753779483277653,1.5,6.0,4,4.0,4.0,2.0,2.0,6.0,83.0,16.0,7.0,2.0,4.0,2.0,2.0,0.3220379816432665,0.41538215418978636,True
BE,Bloom Energy Corporation,Industrials,Electrical Equipment,243.481,69256.68,9.807,1.5178,0.5694,,884.4545192614837,0.21000103755453337,94.46000000000001,-1.0681895284405745,1.5,6.0,4,77.66666666666667,77.66666666666667,10.333333333333334,10.333333333333334,204.0,6.0,291.0,158.0,27.0,2.0,3.0,1.0,0.007575147378659772,0.09620371170601878,False
DELL,Dell Technologies Inc.,Information Technology,Technology Hardware Storage and Peripherals,379.368,245871.43,2.4104,0.9936,0.2953,,37298.52883019412,0.18023921506455998,2473.0,0.41661051212938016,1.7857142857142858,12.5,7,7.333333333333333,7.333333333333333,2.6666666666666665,2.6666666666666665,10.0,15.0,28.0,18.0,4.0,8.0,2.0,2.0,0.09183859547290465,0.3674721634375196,False
CIEN,Ciena Corporation,Information Technology,Communications Equipment,442.111,62582.1,5.1217,1.1983,0.4962,0.3551,1304.5432154069995,0.16765663558730348,314.96000000000004,2.553591697746068,1.8333333333333333,11.0,6,67.33333333333333,67.33333333333333,12.666666666666666,12.666666666666666,164.0,11.0,267.0,93.0,33.0,5.0,3.0,2.0,0.0032121217751542672,0.1227440483507204,False
COHR,Coherent Corp.,Information Technology,Electronic Equipment Instruments and Components,355.125,69476.41,3.3568,1.0856,0.3831,0.3339,1007.096949152542,0.13630895112140728,419.49,8.49858184764992,2.1666666666666665,13.0,6,78.0,78.0,14.333333333333334,14.333333333333334,191.0,13.0,254.0,78.0,37.0,6.0,5.0,1.0,0.002479732370579276,0.04760168735304,False
FIX,Comfort Systems USA Inc.,Industrials,Construction and Engineering,1800.251,63268.78,2.6244,1.2451,0.8455,0.4932,2813.8016809940045,0.1136113931115712,201.09000000000015,0.19665349710530444,2.5,10.0,4,38.333333333333336,38.333333333333336,5.333333333333333,5.333333333333333,98.0,10.0,226.0,119.0,13.0,4.0,2.0,1.0,0.024099557369719936,0.26037898657718966,False
WMT,Walmart Inc.,Consumer Staples,Consumer Staples Distribution and Retail,120.985,962808.21,0.2629,0.3324,0.2085,0.1768,40214.79503164254,0.017025560776428472,843.0,0.03850545836568764,2.6666666666666665,8.0,3,3.3333333333333335,3.3333333333333335,1.0,1.0,8.0,68.0,2.0,45.0,1.0,1.0,1.0,1.0,0.45257916532504516,0.584392060094802,False
VRT,Vertiv Holdings Co,Industrials,Electrical Equipment,290.007,111394.25,1.6224,1.3863,0.6169,,2434.4042652190765,0.05997126071613601,225.60000000000014,0.16926770708283323,2.6666666666666665,8.0,3,44.333333333333336,44.333333333333336,6.666666666666667,6.666666666666667,114.0,8.0,221.0,108.0,16.0,3.0,2.0,2.0,0.02085010668911568,0.2647945383360058,False
LLY,Eli Lilly and Company,Health Care,Pharmaceuticals,1161.97,1036176.76,0.437,0.3748,0.3896,0.3168,23243.37020959099,0.10847051964589816,4637.0,0.22466085271317837,3.0,15.0,5,7.0,7.0,2.3333333333333335,2.3333333333333335,15.0,58.0,56.0,11.0,5.0,1.0,1.0,1.0,0.08050650732483852,0.6872976346290687,False
UNH,UnitedHealth Group Incorporated,Health Care,Health Care Providers and Services,405.534,368283.43,0.3058,-0.0633,0.0038,0.1127,39652.8194583751,0.004794812843663676,-12.0,-0.0009953550099535136,3.0,9.0,3,12.666666666666666,12.666666666666666,4.0,4.0,9.0,274.0,4.0,223.0,2.0,27.0,2.0,8.0,0.13734281953909253,0.17914135133306994,False
LRCX,Lam Research Corporation,Information Technology,Semiconductors and Semiconductor Equipment,348.806,436206.67,2.8351,0.7887,0.4025,0.4539,4546.111439974706,0.17608658035896863,1349.9799999999996,0.25194560880292327,3.0,18.0,6,29.666666666666668,29.666666666666668,7.333333333333333,7.333333333333333,65.0,18.0,153.0,33.0,15.0,9.0,5.0,2.0,0.011193698588256307,0.025298932215778638,True
AVGO,Broadcom Inc.,Information Technology,Semiconductors and Semiconductor Equipment,376.875,1793013.04,0.4902,0.6708,0.5156,0.3705,18419.87187240154,0.18122622755803208,6191.0,0.2677073423851941,3.0714285714285716,21.5,7,13.0,13.0,4.666666666666667,4.666666666666667,19.0,24.0,53.0,8.0,6.0,14.0,3.0,5.0,0.045354474147054874,0.1025058659639472,True
PLTR,Palantir Technologies Inc.,Information Technology,Software,129.78,311123.15,-0.0485,1.048,0.3936,,2109.1679130642183,0.1672949088918434,656.5000000000002,0.40399254167615384,3.5,14.0,4,54.333333333333336,54.333333333333336,13.333333333333334,13.333333333333334,127.0,14.0,271.0,56.0,29.0,7.0,9.0,2.0,0.005193315254716634,0.025784983458911087,True
CVS,CVS Health Corporation,Health Care,Health Care Providers and Services,99.009,126328.29,0.5065,0.1129,0.0298,0.0024,28859.686791751825,0.014466003391407467,1164.0,0.658371040723982,3.6666666666666665,11.0,3,8.666666666666666,8.666666666666666,3.6666666666666665,3.6666666666666665,11.0,189.0,6.0,39.0,3.0,12.0,3.0,5.0,0.09995936755909883,0.1303807235283901,False
CAH,Cardinal Health Inc.,Health Care,Health Care Providers and Services,221.968,51986.21,0.4458,0.3665,0.3019,0.1094,28452.19858156031,0.12650396714859502,-6.0,-0.0038436899423446302,4.0,12.0,3,6.0,6.0,3.0,3.0,12.0,59.0,15.0,221.0,4.0,2.0,4.0,1.0,0.09854797789044262,0.12853979545257874,False
FLEX,Flex Ltd.,Information Technology,Electronic Equipment Instruments and Components,146.243,53580.21,2.3511,0.7682,0.5119,0.2754,2101.1647863880135,0.08139309650176263,42.0,0.05011933174224348,5.0,20.0,4,56.0,56.0,12.0,12.0,128.0,20.0,118.0,190.0,30.0,10.0,4.0,2.0,0.005173609493219162,0.0993141616832658,False
SATS,EchoStar Corporation,Communication Services,Media,124.608,36113.08,6.2153,0.9382,0.3575,0.1226,-878.1274576271189,-0.013480182259368423,55.780000000000655,-0.003847644852309262,5.333333333333333,16.0,3,98.66666666666667,98.66666666666667,5.333333333333333,5.333333333333333,280.0,16.0,190.0,186.0,14.0,2.0,1.0,1.0,-0.006340475365511218,,False
VST,Vistra Corp.,Utilities,Independent Power and Renewable Electricity Producers,144.663,48777.83,-0.1327,0.7968,0.5064,,1341.4714644818923,0.09623407373999315,1297.0,1.3739406779661016,5.666666666666667,17.0,3,57.333333333333336,57.333333333333336,4.0,4.0,161.0,17.0,164.0,36.0,10.0,1.0,1.0,1.0,0.04709108024670472,1.0,True
KLAC,KLA Corporation,Information Technology,Semiconductors and Semiconductor Equipment,2319.131,302942.35,1.6596,0.7052,0.4856,0.4134,1546.558580121702,0.07736818205749185,608.9200000000005,0.14991973685506355,5.75,23.0,4,65.66666666666667,65.66666666666667,15.333333333333334,15.333333333333334,152.0,23.0,203.0,62.0,32.0,13.0,10.0,4.0,0.0038080260071803908,0.008606537961693146,True
APH,Amphenol Corporation,Information Technology,Electronic Equipment Instruments and Components,148.918,183204.05,0.6001,0.5596,0.3417,0.2589,9126.727461139897,0.12163396796667625,195.19999999999982,0.045711074163407694,6.0,30.0,5,18.333333333333332,18.333333333333332,4.666666666666667,4.666666666666667,27.0,33.0,129.0,121.0,8.0,20.0,1.0,5.0,0.022472356352472116,0.43138610193106774,False
COR,Cencora Inc.,Health Care,Health Care Providers and Services,283.355,55129.85,-0.0115,0.1667,0.1877,0.1398,18458.198386031087,0.022864766817158655,994.5099999999998,0.639897823275446,6.0,18.0,3,10.666666666666666,1000.0,5.333333333333333,1000.0,18.0,141.0,9.0,42.0,7.0,7.0,6.0,3.0,0.06393242761994812,0.08338944486705609,False
AMD,Advanced Micro Devices Inc.,Information Technology,Semiconductors and Semiconductor Equipment,466.001,759861.53,2.8468,0.549,0.4176,0.5963,9704.129658442616,0.0812667802188285,674.0,0.1554786620530566,6.25,25.0,4,18.0,18.0,6.333333333333333,6.333333333333333,25.0,36.0,96.0,54.0,7.0,22.0,4.0,8.0,0.02389406944642995,0.05400310170210716,True
MRVL,Marvell Technology Inc.,Information Technology,Semiconductors and Semiconductor Equipment,266.595,233217.31,2.9067,0.6417,0.3859,0.3908,2215.198008503021,0.06376150147658222,-143.4000000000001,-0.05370585371334413,6.75,27.0,4,55.0,55.0,13.666666666666666,13.666666666666666,122.0,27.0,236.0,242.0,27.0,16.0,8.0,6.0,0.005454388689738414,0.012327490208193747,False
COST,Costco Wholesale Corporation,Consumer Staples,Consumer Staples Distribution and Retail,980.007,434646.82,-0.0168,0.2367,0.2073,0.2024,24808.2762061705,0.06667756644322131,739.0,0.09124583281886656,7.0,14.0,2,6.333333333333333,1000.0,2.0,1000.0,14.0,101.0,12.0,49.0,2.0,3.0,2.0,2.0,0.27919348910537606,0.36050810723062116,True
AMAT,Applied Materials Inc.,Information Technology,Semiconductors and Semiconductor Equipment,531.19,421743.31,2.0742,0.5724,0.3115,0.3623,935.3519790961036,0.023124647490129657,1510.0,0.21577593598170908,7.5,30.0,4,86.33333333333333,86.33333333333333,19.666666666666668,19.666666666666668,200.0,30.0,116.0,28.0,41.0,18.0,11.0,7.0,0.0023030777547303266,0.0052051971513435635,False
JBL,Jabil Inc.,Information Technology,Electronic Equipment Instruments and Components,364.429,38448.22,1.0424,0.5657,0.4445,0.3443,5215.73949579832,0.09613448761828058,152.0,0.2313546423135464,8.0,32.0,4,28.666666666666668,28.666666666666668,6.333333333333333,6.333333333333333,54.0,32.0,108.0,133.0,13.0,19.0,2.0,4.0,0.012842495526496632,0.24652840126545567,False
CI,The Cigna Group,Health Care,Health Care Providers and Services,293.675,77686.55,-0.0533,0.0336,0.0396,0.0864,22523.501562212856,0.010883957802837463,331.0,0.05556488165183815,8.5,17.0,2,13.333333333333334,1000.0,5.666666666666667,1000.0,17.0,234.0,13.0,92.0,6.0,17.0,5.0,6.0,0.07801314642190219,0.10175545047541658,False
EME,EMCOR Group Inc.,Industrials,Construction and Engineering,795.503,35352.37,0.6858,0.6555,0.4437,0.3235,2746.6207150705777,0.04479225169282297,64.79999999999995,0.05091057651513964,8.666666666666666,26.0,3,40.666666666666664,40.666666666666664,6.333333333333333,6.333333333333333,102.0,26.0,176.0,182.0,14.0,6.0,3.0,2.0,0.023524168011841352,0.2541623040218508,False
CVNA,Carvana Co.,Consumer Discretionary,Specialty Retail,66.528,73433.1,-0.0226,1.5867,0.039,,7677.549696809912,0.10825706131286283,34.0,0.024164889836531644,9.5,19.0,2,12.666666666666666,12.666666666666666,1.3333333333333333,1.3333333333333333,35.0,3.0,148.0,198.0,2.0,1.0,1.0,1.0,0.052309183028560614,0.29482549993272866,False
HWM,Howmet Aerospace Inc.,Industrials,Aerospace and Defense,258.35,103367.77,0.5131,0.7755,0.4881,,1074.8557422969197,0.04495879786718371,236.0,0.1564986737400531,9.5,19.0,2,70.66666666666667,70.66666666666667,11.666666666666666,11.666666666666666,183.0,19.0,238.0,104.0,24.0,5.0,9.0,2.0,0.009205889597914673,0.01953831631528567,False
ELV,Elevance Health Inc.,Health Care,Health Care Providers and Services,397.513,86324.87,0.0435,-0.0543,0.007,0.1169,17287.345029239776,0.006478310215642269,-419.0,-0.07400211939244083,10.0,20.0,2,17.666666666666668,1000.0,7.333333333333333,1000.0,20.0,272.0,17.0,270.0,8.0,25.0,7.0,7.0,0.05987702113221184,0.07809982724557431,False
GLW,Corning Incorporated,Information Technology,Electronic Equipment Instruments and Components,171.295,147422.96,2.3953,0.7327,0.3172,0.2362,2725.831320283214,0.044276665173715424,214.0,0.13408521303258136,10.5,21.0,2,45.0,45.0,8.666666666666666,8.666666666666666,104.0,21.0,185.0,113.0,20.0,11.0,3.0,3.0,0.006711699571062166,0.12883980077035492,False
HUM,Humana Inc.,Health Care,Health Care Providers and Services,370.085,44432.96,0.597,-0.1031,-0.0246,0.0707,16933.5203366059,0.05811944718657447,-58.0,-0.04882154882154888,10.5,21.0,2,19.666666666666668,19.666666666666668,8.666666666666666,8.666666666666666,21.0,280.0,25.0,233.0,9.0,29.0,8.0,9.0,0.05865150220133477,0.0765013372910333,False
ORCL,Oracle Corporation,Information Technology,Software,177.477,510432.02,0.0062,0.1729,0.1643,0.1642,8294.68198833464,0.1163260683984042,3767.0,0.3027404966647915,10.666666666666666,32.0,3,26.666666666666668,1000.0,6.666666666666667,1000.0,32.0,133.0,63.0,16.0,9.0,39.0,2.0,9.0,0.020423645853998924,0.1014040828809178,True
PGR,The Progressive Corporation,Financials,Insurance,203.385,118845.27,-0.2273,0.1578,0.1678,0.2005,10905.034243568356,0.020288234421534268,251.0,0.02219667492041033,11.0,22.0,2,16.0,1000.0,2.6666666666666665,1000.0,22.0,146.0,43.0,101.0,1.0,25.0,1.0,6.0,0.07000729081536057,0.34688861160603235,False
CAT,Caterpillar Inc.,Industrials,Machinery,886.112,408136.08,1.4401,0.5545,0.3203,0.2781,7496.1712114439,0.04684194173608125,546.0,0.061458802341287644,11.333333333333334,34.0,3,16.0,16.0,2.3333333333333335,2.3333333333333335,36.0,34.0,57.0,70.0,5.0,7.0,1.0,1.0,0.06420296404813335,0.618204211773438,True
ANET,Arista Networks Inc.,Information Technology,Communications Equipment,152.298,191774.04,0.6166,0.5515,0.4624,0.4196,2273.352554185495,0.07819492099448122,209.0999999999999,0.059548897875491225,11.666666666666666,35.0,3,56.0,56.0,10.333333333333334,10.333333333333334,121.0,35.0,228.0,116.0,26.0,21.0,2.0,3.0,0.005597580176463213,0.21389900505681703,True
HOOD,Robinhood Markets Inc.,Financials,Capital Markets,89.014,80157.56,0.1888,1.1106,,,1352.929328621908,0.031298904538341166,14.0,0.0074349442379182396,12.0,12.0,1,63.666666666666664,63.666666666666664,13.666666666666666,13.666666666666666,159.0,12.0,280.0,210.0,31.0,1.0,9.0,1.0,0.008685430494390795,0.028570302512574402,True
MS,Morgan Stanley,Financials,Capital Markets,208.02,328106.79,0.5782,0.3402,0.177,0.2331,9216.30399440608,0.04094116308182549,1252.0,0.0742541960737797,13.0,26.0,2,11.666666666666666,11.666666666666666,3.0,3.0,26.0,63.0,55.0,37.0,2.0,7.0,1.0,6.0,0.059166111684581926,0.19462405581542042,False
IBKR,Interactive Brokers Group Inc.,Financials,Capital Markets,86.208,146227.92,0.6861,0.6266,0.3939,0.2432,1043.1057748721823,0.038009341278788744,54.0,0.054878048780487854,14.0,28.0,2,75.33333333333333,75.33333333333333,17.666666666666668,17.666666666666668,186.0,28.0,255.0,187.0,38.0,2.0,13.0,2.0,0.006696449337215798,0.022027645428507117,False
MSTR,Strategy Inc,Information Technology,Software,114.957,40419.08,-0.703,0.5948,0.1735,0.1985,31.18542279239631,0.027743436079039396,-8325.300000000001,2.1634551667684474,14.5,29.0,2,113.0,113.0,24.0,24.0,270.0,29.0,296.0,297.0,52.0,17.0,16.0,4.0,7.678655213242307e-05,0.0003812477924969289,True
GS,The Goldman Sachs Group Inc.,Financials,Capital Markets,1009.752,309591.3,0.6178,0.4416,0.217,0.21,8487.31034482758,0.035978853794868426,892.0,0.05193292966930607,15.0,30.0,2,12.333333333333334,12.333333333333334,3.0,3.0,30.0,45.0,68.0,44.0,3.0,4.0,2.0,4.0,0.05448617494264158,0.17922963080179585,True
TRGP,Targa Resources Corp.,Energy,Oil Gas and Consumable Fuels,274.849,58994.66,0.6189,0.5696,0.4238,0.2103,180.19436201780263,-0.02741318863304021,209.0999999999999,0.10873634945397814,15.5,31.0,2,90.33333333333333,90.33333333333333,7.0,7.0,260.0,31.0,182.0,116.0,10.0,1.0,10.0,1.0,0.005791727482473712,0.005802110184570505,False
BA,The Boeing Company,Industrials,Aerospace and Defense,214.658,169215.4,0.0031,-0.0041,-0.0279,0.0505,22742.19209039549,0.030414808356527212,33.0,0.014765100671140896,16.0,16.0,1,20.666666666666668,1000.0,4.666666666666667,1000.0,16.0,260.0,39.0,199.0,1.0,45.0,1.0,12.0,0.19478158915665417,0.41339886394018877,False
COF,Capital One Financial Corporation,Financials,Consumer Finance,175.802,108297.46,-0.1233,0.1635,0.0182,0.0963,8002.743977547361,0.10775191433539777,770.0,0.31390134529147984,16.5,33.0,2,20.333333333333332,1000.0,2.3333333333333335,1000.0,33.0,144.0,99.0,47.0,4.0,24.0,1.0,2.0,0.051375393459902406,0.5419691241269383,False
OKE,ONEOK Inc.,Energy,Oil Gas and Consumable Fuels,91.663,57750.7,0.1057,0.1523,0.1073,0.0732,10243.705048213276,0.04683457729935481,138.0,0.040671971706454535,23.0,23.0,1,11.333333333333334,1000.0,3.6666666666666665,1000.0,23.0,150.0,101.0,136.0,1.0,10.0,1.0,9.0,0.32924863678159944,0.32983887354978697,False
ET,Energy Transfer LP,Energy,Oil Gas and Consumable Fuels,19.145,65880.99,0.049,0.145,0.1111,0.0399,10224.933487462215,0.07892583239805462,-69.0,-0.01557913750282236,24.0,24.0,1,12.333333333333334,1000.0,4.666666666666667,1000.0,24.0,156.0,38.0,235.0,2.0,11.0,2.0,10.0,0.32864528957876016,0.3292344447397266,False
CRWD,CrowdStrike Holdings Inc.,Information Technology,Software,684.111,174150.59,0.4343,0.6578,0.2421,,958.2902817244458,0.0586428540256565,132.04,-0.8125538461538462,25.0,25.0,1,84.33333333333333,84.33333333333333,18.666666666666668,18.666666666666668,198.0,25.0,272.0,139.0,40.0,15.0,13.0,3.0,0.0023595577704840316,0.011715283031781902,True
RTX,RTX Corporation,Industrials,Aerospace and Defense,181.395,244281.64,0.2791,0.2216,0.1534,0.0592,8631.863965267723,0.01997675022290446,524.0,0.07783719548425427,28.0,28.0,1,16.0,16.0,3.3333333333333335,3.3333333333333335,28.0,107.0,42.0,73.0,2.0,18.0,2.0,6.0,0.07392990850908193,0.156906719578494,False
GE,General Electric Company,Industrials,Aerospace and Defense,323.527,337547.77,0.3177,0.4477,0.2417,0.0302,8630.864476386036,0.05360375095409453,-74.0,-0.008501838235294157,29.0,29.0,1,13.666666666666666,13.666666666666666,3.0,3.0,29.0,44.0,79.0,236.0,3.0,9.0,3.0,3.0,0.07392134811912719,0.15688855125212653,True
UBER,Uber Technologies Inc.,Industrials,Ground Transportation,68.25,138929.63,-0.2117,0.1847,0.0641,,8308.756402670952,0.0321048887863582,-1513.0,-0.15050233761066345,31.0,31.0,1,18.666666666666668,1000.0,2.0,1000.0,31.0,125.0,74.0,288.0,4.0,21.0,1.0,1.0,0.07116256733717656,0.9404533558975539,False
TMUS,T-Mobile US Inc.,Communication Services,Wireless Telecommunication Services,186.94,202307.35,-0.1905,0.1244,0.0516,0.1611,7839.097552064297,0.025150324428993676,-449.0,-0.04084788937409023,34.0,34.0,1,16.0,1000.0,1.6666666666666667,1000.0,34.0,179.0,41.0,272.0,3.0,11.0,1.0,1.0,0.05660181159920945,1.0,False
A,Agilent Technologies Inc.,Health Care,Life Sciences Tools and Services,128.813,36380.91,0.076,0.0361,-0.0214,0.1099,603.8265970121893,0.04087507196315476,111.0,0.08518802762854949,,,0,94.0,1000.0,12.333333333333334,1000.0,235.0,232.0,247.0,153.0,31.0,16.0,4.0,2.0,0.002091433811747111,0.12992557017536557,False
ABBV,AbbVie Inc.,Health Care,Biotechnology,225.616,398616.73,0.1782,0.177,0.1434,0.1396,5450.050228310502,0.02712557226945722,-591.0,-0.13984855655466166,,,0,21.666666666666668,1000.0,4.333333333333333,1000.0,50.0,130.0,66.0,280.0,11.0,4.0,1.0,1.0,0.018876974581128875,0.40560969212430964,False
ABNB,Airbnb Inc.,Consumer Discretionary,Hotels Restaurants and Leisure,128.834,76463.61,-0.0668,0.03,-0.0279,,1415.2060390763763,0.033167224899926406,6.0,0.002389486260454099,,,0,62.666666666666664,1000.0,10.0,1000.0,155.0,235.0,206.0,218.0,15.0,18.0,7.0,8.0,0.009642174215027206,0.07938687992671879,False
ABT,Abbott Laboratories,Health Care,Health Care Equipment and Supplies,89.484,155864.41,-0.3385,-0.0416,-0.0403,0.0882,2790.4405666572857,0.018182638512903804,-248.0,-0.038013488657265504,,,0,46.0,1000.0,8.333333333333334,1000.0,99.0,269.0,84.0,258.0,16.0,23.0,3.0,6.0,0.009665062419666826,0.18046874705458163,False
ADBE,Adobe Inc.,Information Technology,Software,221.742,89628.12,-0.4629,-0.212,-0.1634,0.086,2415.3287671232865,0.02877697841726623,78.0,0.010939691444600275,,,0,63.333333333333336,1000.0,16.0,1000.0,115.0,288.0,143.0,166.0,24.0,51.0,8.0,16.0,0.005947162221538768,0.029527858793198806,False
ADI,Analog Devices Inc.,Information Technology,Semiconductors and Semiconductor Equipment,402.425,196016.0,0.7306,0.3007,0.1914,0.2157,2921.161098265895,0.1561275205971846,1046.0899999999997,0.4613732391260241,,,2,47.666666666666664,47.666666666666664,12.0,12.0,94.0,75.0,205.0,41.0,18.0,31.0,6.0,12.0,0.007192651850591266,0.01625614716932886,False
ADM,Archer-Daniels-Midland Company,Consumer Staples,Food Products,80.502,38798.46,0.654,0.0352,0.0405,0.0646,-3270.3184183142585,0.003924304526031319,3.0,0.002782931354359919,,,0,104.0,104.0,6.666666666666667,6.666666666666667,287.0,233.0,49.0,219.0,16.0,9.0,3.0,1.0,-0.03680431490308994,-0.8020835343319594,False
ADP,Automatic Data Processing Inc.,Industrials,Professional Services,228.502,91340.08,-0.2685,0.0201,0.0273,0.1012,1398.0056864945727,0.050557125417661775,265.90000000000055,0.06517636100693691,,,0,72.66666666666667,1000.0,7.0,1000.0,156.0,245.0,154.0,99.0,19.0,43.0,1.0,1.0,0.011973593758380602,0.6098793424310417,False
ADSK,Autodesk Inc.,Information Technology,Software,215.263,45451.76,-0.2746,0.0224,-0.0495,0.1436,1160.195806560704,0.04177074660005542,339.0,0.3016014234875444,,,0,85.33333333333333,1000.0,19.0,1000.0,175.0,243.0,245.0,89.0,35.0,46.0,11.0,11.0,0.0028567012343348316,0.014183616911658809,False
AEP,American Electric Power Company Inc.,Utilities,Electric Utilities,129.38,70396.31,0.2692,0.1559,0.0882,0.0682,2273.9417685118606,0.025461693179740452,74.0,0.02067039106145252,,,0,43.0,43.0,4.0,4.0,120.0,148.0,150.0,171.0,5.0,4.0,4.0,3.0,0.07982456364711671,0.11431270170861914,False
AFIPA,AMFI Corp.,Financials,Insurance,40000.0,45520.0,,,,,,,,,,,0,130.66666666666666,1000.0,23.333333333333332,1000.0,296.0,290.0,298.0,299.0,48.0,48.0,11.0,11.0,,,False
AFL,Aflac Incorporated,Financials,Insurance,117.719,59917.19,0.1615,0.1945,0.1591,0.1306,1222.7795598657212,0.055231880680494116,990.0,0.27153044432254525,,,0,76.0,1000.0,16.333333333333332,1000.0,172.0,116.0,174.0,43.0,36.0,20.0,9.0,4.0,0.007849905129925287,0.0388965586304531,False
AIG,American International Group Inc.,Financials,Insurance,75.135,39837.04,-0.1098,0.0969,0.0763,0.0317,-155.76926171796367,0.003382060050355129,65.0,0.02099483204134356,,,0,119.0,1000.0,21.0,1000.0,274.0,198.0,126.0,181.0,46.0,37.0,10.0,7.0,-0.0009999953931015952,-0.004955012677755687,False
AJG,Arthur J. Gallagher & Co.,Financials,Insurance,221.81,56992.31,-0.2912,0.0235,0.0893,0.1652,2953.8406589055194,0.09139826274117913,118.0,0.0789825970548863,,,0,52.666666666666664,1000.0,11.333333333333334,1000.0,93.0,241.0,197.0,150.0,21.0,44.0,4.0,9.0,0.018962836558922058,0.09396152842688325,False
ALAB,Astera Labs Inc.,Information Technology,Semiconductors and Semiconductor Equipment,346.365,59369.71,2.6637,,,,510.9708061514351,0.17468211889457153,48.5,0.22132980422580206,,,2,115.0,115.0,27.333333333333332,27.333333333333332,244.0,290.0,293.0,188.0,49.0,52.0,15.0,18.0,0.0012581418794892828,0.0028435325353878367,False
ALL,The Allstate Corporation,Financials,Insurance,221.331,56975.23,0.1282,0.2543,0.1093,0.126,2873.2337164751007,0.0072246435694762745,1862.0,0.1810931725345264,,,2,43.0,43.0,9.333333333333334,9.333333333333334,96.0,94.0,60.0,23.0,22.0,11.0,5.0,1.0,0.01844536237824339,0.09139742548864747,False
ALNY,Alnylam Pharmaceuticals Inc.,Health Care,Biotechnology,291.453,38912.64,-0.0239,0.1512,0.1204,0.1651,1938.8233795256615,0.15427820589454866,224.24,0.7147091633466136,,,2,54.666666666666664,1000.0,8.666666666666666,1000.0,137.0,152.0,282.0,109.0,19.0,8.0,3.0,4.0,0.00671537290839793,0.1442932672377591,False
AME,AMETEK Inc.,Industrials,Electrical Equipment,223.816,51299.3,0.2372,0.1416,0.1049,0.1655,660.4178378378374,0.0265446310828632,47.59999999999991,0.032159120083235404,,,0,98.0,1000.0,15.333333333333334,1000.0,227.0,162.0,243.0,189.0,36.0,31.0,6.0,4.0,0.005656325276391529,0.07183483818920929,False
AMGN,Amgen Inc.,Health Care,Biotechnology,349.265,188501.21,0.1969,0.1683,0.0754,0.0847,3095.1260658292813,0.012761557508639276,89.0,0.011541953054078569,,,0,36.333333333333336,1000.0,6.0,1000.0,90.0,139.0,97.0,160.0,13.0,6.0,2.0,3.0,0.010720381211635334,0.23034891020373488,False
AMP,Ameriprise Financial Inc.,Financials,Capital Markets,448.571,40325.22,-0.1301,0.1255,0.1164,0.1623,1233.2439618049066,0.02141610702765595,332.0,0.09317990457479652,,,0,79.0,1000.0,20.333333333333332,1000.0,170.0,178.0,165.0,91.0,35.0,32.0,12.0,14.0,0.007917083683738396,0.026042862930956926,False
AMT,American Tower Corporation,Real Estate,Specialized REITs,188.422,87784.5,-0.121,0.002,-0.0682,0.0564,642.1764932743863,0.016412077485297605,370.8000000000002,0.14659023522435266,,,0,84.66666666666667,1000.0,6.0,1000.0,234.0,256.0,222.0,86.0,9.0,11.0,4.0,5.0,0.043356031750822005,0.19691237942183762,False
APD,Air Products and Chemicals Inc.,Materials,Chemicals,279.29,62192.49,-0.0103,0.0008,-0.0145,0.0667,443.55088243803584,0.035439841160393115,2501.8,-6.341698352344741,,,1,91.0,1000.0,6.333333333333333,1000.0,251.0,257.0,207.0,17.0,11.0,11.0,4.0,4.0,0.01905024742689383,0.14009975544444497,False
APO,Apollo Global Management Inc.,Financials,Financial Services,129.967,74928.25,-0.0584,0.2115,0.1759,0.232,6899.2846675500805,-0.015915453087157583,-2348.0,-0.6723940435280642,,,0,22.666666666666668,1000.0,3.3333333333333335,1000.0,43.0,111.0,109.0,290.0,8.0,17.0,1.0,1.0,0.04429149119123618,0.2507559493006328,False
ARES,Ares Management Corporation,Financials,Capital Markets,127.335,42001.02,-0.2456,0.1132,0.1651,0.2476,1642.9126135297092,0.05491941415483059,95.41999999999996,0.18093901699029113,,,0,71.0,1000.0,17.666666666666668,1000.0,148.0,188.0,266.0,157.0,30.0,35.0,8.0,15.0,0.010547042636517467,0.034693985396916135,False
AU,AngloGold Ashanti plc,Materials,Metals and Mining,79.705,40299.63,0.7376,0.4864,0.2978,0.1693,4581.108804623459,0.12867684221166487,838.0,0.3179059180576631,,,2,22.333333333333332,22.333333333333332,1.6666666666666667,1.6666666666666667,64.0,41.0,219.0,46.0,2.0,1.0,2.0,1.0,0.19675590709661261,0.23418725708603175,False
AXON,Axon Enterprise Inc.,Industrials,Aerospace and Defense,436.262,35163.62,-0.4395,0.3073,0.226,0.3432,756.9440298507466,0.07328910539153966,81.33000000000001,0.6524145676239372,,,2,89.66666666666667,89.66666666666667,16.333333333333332,16.333333333333332,221.0,73.0,288.0,164.0,34.0,14.0,11.0,4.0,0.006483049674848047,0.01375943887743168,True
AXP,American Express Company,Financials,Consumer Finance,312.359,213130.81,0.0443,0.22,0.1367,0.1699,6763.307484220015,0.027458826691353133,387.0,0.03572417612849632,,,1,22.333333333333332,1000.0,4.0,1000.0,44.0,108.0,59.0,84.0,9.0,14.0,2.0,1.0,0.043418555443853646,0.45803087587306174,True
AZO,AutoZone Inc.,Consumer Discretionary,Specialty Retail,3102.34,50782.2,-0.152,0.0947,0.1733,0.1518,1084.9435975033084,0.05531947248810898,-20.13000000000011,-0.008057640348243855,,,0,71.66666666666667,1000.0,10.0,1000.0,182.0,203.0,163.0,227.0,18.0,15.0,7.0,5.0,0.007392008578081457,0.04166290693834705,False
BAC,Bank of America Corporation,Financials,Banks,54.615,387580.3,0.221,0.2304,0.0546,0.1471,7284.174757281551,0.020182085606300415,1224.0,0.04011930905634409,,,2,18.333333333333332,1000.0,3.6666666666666665,1000.0,37.0,103.0,32.0,38.0,5.0,13.0,1.0,5.0,0.046762378658616044,0.20992529617106062,False
BAM,Brookfield Asset Management Ltd.,Financials,Capital Markets,63.89,73155.8,-0.1629,0.1451,,,754.5993019494344,0.05335270915507584,36.0,0.014486921529174968,,,0,96.33333333333333,1000.0,21.666666666666668,1000.0,222.0,155.0,273.0,194.0,40.0,27.0,15.0,10.0,0.004844317917827638,0.015935148921956563,False
BDX,Becton Dickinson and Company,Health Care,Health Care Equipment and Supplies,146.258,40299.99,-0.1532,-0.1649,-0.0962,-0.0145,1360.4960570784824,0.017719780219780157,-539.0,-0.32121573301549466,,,0,70.0,1000.0,11.666666666666666,1000.0,157.0,287.0,151.0,278.0,22.0,31.0,6.0,7.0,0.004712259229059973,0.0879886214841598,False
BKNG,Booking Holdings Inc.,Consumer Discretionary,Hotels Restaurants and Leisure,159.289,123429.61,-0.2715,0.1514,0.1155,0.1167,3600.8755980861242,0.028606456885982734,750.0,0.1387860843819393,,,0,33.0,1000.0,4.666666666666667,1000.0,79.0,151.0,122.0,48.0,7.0,13.0,1.0,6.0,0.024533720804390164,0.20199339943665073,False
BKR,Baker Hughes Company,Energy,Energy Equipment and Services,63.722,63216.6,0.6326,0.2844,0.1971,,55.67465069860191,0.005769300111780229,528.0,0.20401854714064904,,,0,95.0,95.0,4.666666666666667,4.666666666666667,268.0,81.0,119.0,72.0,12.0,5.0,1.0,1.0,0.001789469997381825,1.0,False
BLK,BlackRock Inc.,Financials,Capital Markets,1006.903,163965.01,0.0137,0.1369,0.0271,0.1123,4683.361667347774,0.0587215064420219,702.0,0.12641815235008114,,,0,34.666666666666664,1000.0,10.0,1000.0,61.0,168.0,131.0,53.0,14.0,29.0,4.0,12.0,0.030065881034064667,0.09890025796706942,False
BMY,Bristol-Myers Squibb Company,Health Care,Pharmaceuticals,56.817,116024.36,0.1327,-0.0428,-0.0334,-0.0243,847.8872077028936,0.005975847615885765,221.0,0.03132974199035998,,,0,86.33333333333333,1000.0,12.0,1000.0,208.0,270.0,78.0,110.0,27.0,24.0,5.0,4.0,0.0029367702309109787,0.025071702899865277,False
BNY,The Bank of New York Mellon Corporation,Financials,Capital Markets,141.998,97464.45,0.5855,0.4714,0.23,0.1315,1931.2174859423176,0.03192124105011929,412.0,0.07424761218237519,,,0,56.333333333333336,56.333333333333336,12.333333333333334,12.333333333333334,139.0,42.0,160.0,80.0,27.0,3.0,7.0,3.0,0.01239787983662794,0.040782224631900815,False
BRKA,Berkshire Hathaway Inc.,Financials,Financial Services,722856.219,1038025.17,-0.0127,0.1223,0.1093,0.1301,4121.1288695480325,0.010634173657401824,5503.0,0.0821735754390156,,,3,39.333333333333336,1000.0,7.666666666666667,1000.0,69.0,180.0,8.0,10.0,16.0,33.0,4.0,3.0,0.026456502640345773,0.14978329372814783,False
BSX,Boston Scientific Corporation,Health Care,Health Care Equipment and Supplies,47.155,70089.08,-0.5256,-0.0275,0.019,0.0743,3059.7123392659487,0.02690046826741055,667.0,0.23015873015873023,,,0,42.0,1000.0,6.666666666666667,1000.0,91.0,266.0,161.0,55.0,14.0,21.0,1.0,5.0,0.010597721054727696,0.1978836097828943,False
BX,Blackstone Inc.,Financials,Capital Markets,116.973,143896.65,-0.1727,0.0984,0.0416,0.1618,2024.253337916809,0.012989681147020926,34.88000000000011,0.011552690935708432,,,0,65.0,1000.0,15.666666666666666,1000.0,134.0,195.0,195.0,197.0,25.0,36.0,6.0,16.0,0.01299514416427317,0.042746896680317274,False
C,Citigroup Inc.,Financials,Banks,135.046,230331.35,0.723,0.4075,0.1204,0.1188,7151.128829893627,0.039859474879814005,1721.0,0.12029917517125677,,,2,16.666666666666668,16.666666666666668,3.0,3.0,38.0,51.0,50.0,27.0,6.0,6.0,2.0,1.0,0.04590826076018403,0.20609099693443897,False
CARR,Carrier Global Corporation,Industrials,Building Products,67.927,56418.84,-0.0628,0.1442,0.0806,,-414.4915426941079,0.0056559525451787,-174.0,-0.11725067385444743,,,0,117.33333333333333,1000.0,16.0,1000.0,277.0,158.0,152.0,247.0,46.0,29.0,1.0,1.0,-0.0035500237205386967,,False
CBRE,CBRE Group Inc.,Real Estate,Real Estate Management and Development,132.585,38823.09,-0.0093,0.1881,0.0836,0.1608,5459.8791572349,0.040739827373612814,155.0,0.13396715643906654,,,0,18.666666666666668,1000.0,1.0,1000.0,49.0,122.0,89.0,131.0,1.0,6.0,1.0,1.0,0.3686193695594889,1.0,False
CBRS,Cerebras Systems Inc.,Information Technology,Semiconductors and Semiconductor Equipment,227.248,49906.01,,,,,,0.757071490094746,719.4300000000001,-1.4938330564784053,,,1,134.33333333333334,1000.0,30.666666666666668,1000.0,296.0,290.0,295.0,50.0,55.0,52.0,19.0,18.0,,,False
CCI,Crown Castle Inc.,Real Estate,Specialized REITs,91.809,40070.22,-0.0766,-0.0693,-0.1392,-0.0025,-2301.6126488325335,-0.011960600375234498,615.0,1.385135135135135,,,1,103.0,1000.0,8.0,1000.0,285.0,275.0,283.0,61.0,12.0,12.0,6.0,6.0,-0.15539153507794243,-0.7057499424778297,False
CCL,Carnival Corporation Ltd.,Consumer Discretionary,Hotels Restaurants and Leisure,26.553,36730.18,0.1124,0.2651,-0.0236,-0.0558,1622.6766917293244,0.01333483585004891,336.0,0.12173913043478257,,,0,58.0,58.0,8.333333333333334,8.333333333333334,150.0,87.0,125.0,90.0,14.0,10.0,6.0,5.0,0.011055726815954991,0.09102507771255278,False
CDNS,Cadence Design Systems Inc.,Information Technology,Software,383.744,105842.74,0.2492,0.1867,0.2429,0.3153,654.1522324105099,0.043772041776482196,62.07999999999993,0.055983911839767586,,,1,103.66666666666667,1000.0,23.0,1000.0,229.0,124.0,268.0,183.0,46.0,36.0,15.0,8.0,0.001610691470528267,0.00799713687461222,True
CEG,Constellation Energy Corporation,Utilities,Electric Utilities,245.589,87700.33,-0.1595,0.3796,,,5671.439403758912,0.16974111933576164,1472.0,0.6347563605002156,,,3,17.0,17.0,1.0,1.0,48.0,55.0,113.0,30.0,1.0,2.0,1.0,1.0,0.19909048768315352,0.28510737161254607,False
CL,Colgate-Palmolive Company,Consumer Staples,Household Products,89.365,71508.92,-0.0298,0.0561,0.0133,0.0217,847.7577937649876,0.020262977136689342,-44.0,-0.0206378986866792,,,0,76.33333333333333,1000.0,5.0,1000.0,209.0,222.0,158.0,229.0,12.0,8.0,2.0,1.0,0.009540705464197137,0.2332689403436396,False
CMCSA,Comcast Corporation,Communication Services,Diversified Telecommunication Services,23.985,85679.9,-0.3182,-0.158,-0.1585,-0.0266,1717.477364631617,0.012691278585690302,-1201.0,-0.060056005600560014,,,2,56.666666666666664,1000.0,5.333333333333333,1000.0,147.0,286.0,30.0,285.0,9.0,14.0,3.0,4.0,0.012400959367215206,0.18580684511349138,False
CME,CME Group Inc.,Financials,Capital Markets,266.055,96407.52,-0.0133,0.1287,0.044,0.1081,469.3164123557872,0.0363926968709658,198.10000000000036,0.04864692303914353,,,0,107.33333333333333,1000.0,25.0,1000.0,248.0,175.0,251.0,120.0,44.0,30.0,18.0,13.0,0.0030128810080161878,0.009910726001319552,False
CMG,Chipotle Mexican Grill Inc.,Consumer Discretionary,Hotels Restaurants and Leisure,30.83,39546.69,-0.4047,-0.089,0.0243,0.1428,651.3277685246521,0.017859898034480404,-83.76999999999998,-0.05454628327342814,,,0,91.33333333333333,1000.0,13.333333333333334,1000.0,230.0,279.0,210.0,238.0,20.0,24.0,9.0,11.0,0.004437668891872695,0.036536644082264064,False
CMI,Cummins Inc.,Industrials,Machinery,641.544,88526.06,0.9826,0.4133,0.2073,0.1864,20.32420547671063,0.006652806652806653,-170.0,-0.0597959901512487,,,1,108.0,108.0,17.0,17.0,271.0,50.0,104.0,246.0,43.0,10.0,6.0,2.0,0.00017407209583688056,0.001676123593264505,False
COIN,Coinbase Global Inc.,Financials,Capital Markets,154.022,40578.75,-0.3856,0.4232,-0.0721,,-356.7120247278872,-0.08679817068210072,-459.7299999999999,-0.36476954448438104,,,0,109.33333333333333,109.33333333333333,24.0,24.0,276.0,47.0,259.0,273.0,47.0,5.0,20.0,5.0,-0.002289992116915149,-0.007532818042114271,False
COP,ConocoPhillips,Energy,Oil Gas and Consumable Fuels,119.686,145812.74,0.2821,0.0482,0.1481,0.1039,289.53348591898975,-0.014947162361684807,-666.0,-0.08337506259389083,,,0,94.66666666666667,94.66666666666667,11.333333333333334,11.333333333333334,257.0,226.0,70.0,282.0,9.0,18.0,9.0,16.0,0.009306057241279038,0.009322740004811038,False
CRM,Salesforce Inc.,Information Technology,Software,164.838,135002.32,-0.3801,-0.085,-0.0726,0.0725,4237.361867003063,0.03140276941601439,566.0,0.07590183719994625,,,0,44.0,1000.0,11.0,1000.0,67.0,278.0,87.0,69.0,16.0,49.0,3.0,14.0,0.01043347752796557,0.0518025639273832,False
CRWV,CoreWeave Inc.,Information Technology,IT Services,93.082,50782.78,-0.3782,,,,3518.6666666666665,0.21360358604560514,-425.0,0.36418166238217653,,,2,50.0,1000.0,7.666666666666667,1000.0,81.0,290.0,260.0,271.0,17.0,52.0,2.0,4.0,0.00866386462788302,0.3099592795738681,False
CSCO,Cisco Systems Inc.,Information Technology,Communications Equipment,120.041,473133.76,0.8701,0.341,0.1698,0.1524,5122.888563318382,0.07222790976806581,1778.0,0.17465618860510812,,,2,33.0,33.0,6.333333333333333,6.333333333333333,56.0,62.0,69.0,26.0,14.0,29.0,1.0,4.0,0.012613872588950527,0.48201092465543643,False
CSX,CSX Corporation,Industrials,Ground Transportation,46.825,87007.35,0.4488,0.1313,0.0763,0.1801,-131.39806217198202,0.0041867726369571034,161.0,0.05572862582208371,,,0,117.33333333333333,117.33333333333333,17.0,17.0,272.0,173.0,198.0,128.0,44.0,36.0,4.0,3.0,-0.0011253938609010502,-0.014872712899411953,False
CTAS,Cintas Corporation,Industrials,Commercial Services and Supplies,181.917,72782.65,-0.1795,0.148,0.1557,0.2262,883.5157676386716,0.06644275051304716,124.95000000000005,0.06894629968878974,,,0,87.0,1000.0,10.333333333333334,1000.0,205.0,154.0,220.0,144.0,28.0,28.0,2.0,1.0,0.007567107189209788,0.22705582883240788,False
CTVA,Corteva Inc.,Materials,Chemicals,74.823,50043.12,0.0382,0.0983,0.1093,,1055.4627834760504,0.028044365266364002,68.0,0.06215722120658129,,,0,67.0,1000.0,3.3333333333333335,1000.0,185.0,196.0,175.0,176.0,7.0,9.0,1.0,2.0,0.04533150078425502,0.3333779363326266,False
CVX,Chevron Corporation,Energy,Oil Gas and Consumable Fuels,190.561,376820.99,0.3162,0.0624,0.1204,0.0645,-9344.54994223296,0.005881269834393077,-1290.0,-0.104886576144402,,,1,109.66666666666667,109.66666666666667,17.0,17.0,294.0,220.0,19.0,286.0,19.0,16.0,17.0,15.0,-0.30034839106914885,-0.3008868190043648,False
D,Dominion Energy Inc.,Utilities,Multi-Utilities,67.008,58934.37,0.2058,0.0805,-0.0282,-0.009,2545.5152032798087,0.057130740336847285,-44.0,-0.014676450967311516,,,0,39.666666666666664,1000.0,2.3333333333333335,1000.0,107.0,211.0,178.0,229.0,3.0,9.0,1.0,3.0,0.08935789085394624,0.35096140133790477,False
DAL,Delta Air Lines Inc.,Industrials,Passenger Airlines,77.591,50701.15,0.578,0.2539,0.1078,0.0631,3245.2748004561,0.028628243166466838,-529.0,-0.10569430569430571,,,0,36.333333333333336,36.333333333333336,4.0,4.0,83.0,95.0,62.0,277.0,10.0,16.0,1.0,1.0,0.027795024348151582,1.0,False
DASH,DoorDash Inc.,Consumer Discretionary,Hotels Restaurants and Leisure,149.866,65299.42,-0.3119,0.2772,-0.0056,,3480.16310323763,0.07319384705110443,-9.0,-0.009625668449197877,,,0,33.0,33.0,4.666666666666667,4.666666666666667,82.0,85.0,192.0,222.0,8.0,9.0,2.0,4.0,0.023711274550543348,0.1952219555128767,False
DDOG,Datadog Inc.,Information Technology,Software,230.605,82086.2,0.9439,0.3399,0.1927,,837.3611718388142,0.07144983018009099,27.929999999999993,0.2592351958418415,,,0,95.0,95.0,21.333333333333332,21.333333333333332,211.0,64.0,286.0,204.0,44.0,30.0,14.0,6.0,0.0020617991201563974,0.010236901401382562,False
DE,Deere & Company,Industrials,Machinery,563.207,152030.65,0.0813,0.1409,0.1051,0.207,1951.5733461169657,0.037455071447356936,-244.0,-0.04853789536502884,,,0,62.0,1000.0,8.666666666666666,1000.0,136.0,164.0,80.0,256.0,18.0,32.0,2.0,6.0,0.01671477209415397,0.16094494484230187,False
DHI,D.R. Horton Inc.,Consumer Discretionary,Household Durables,147.925,41948.51,0.1852,0.0904,0.1076,0.1685,-1967.0717780366394,-0.026335458855955007,-412.5999999999999,-0.11508423518911082,,,0,107.66666666666667,1000.0,8.666666666666666,1000.0,283.0,205.0,106.0,269.0,24.0,16.0,1.0,1.0,-0.013402181911031963,,False
DHR,Danaher Corporation,Health Care,Life Sciences Tools and Services,180.605,127826.91,-0.1178,-0.0843,-0.0607,0.0616,957.5808498365695,0.008547704330836847,75.0,0.02075262866629779,,,0,84.0,1000.0,10.333333333333334,1000.0,199.0,277.0,140.0,169.0,25.0,28.0,2.0,4.0,0.0033167087649656917,0.20604299068581095,False
DIS,The Walt Disney Company,Communication Services,Entertainment,98.545,171124.52,-0.1755,0.0234,-0.1109,0.0012,3225.4867059847165,0.030055599682287548,-1180.0,-0.09513060303128018,,,2,35.0,1000.0,5.0,1000.0,85.0,242.0,35.0,284.0,7.0,13.0,2.0,6.0,0.02328946535431559,0.22973388451896565,False
DLR,Digital Realty Trust Inc.,Real Estate,Specialized REITs,179.804,64315.54,0.0225,0.1986,0.0208,0.0579,794.2930282367333,0.03837551597677913,69.30000000000018,0.05295776369986038,,,0,75.0,1000.0,3.0,1000.0,215.0,114.0,257.0,174.0,5.0,5.0,2.0,2.0,0.05362605780864999,0.24355629922044422,False
DUK,Duke Energy Corporation,Utilities,Electric Utilities,125.326,97703.68,0.0771,0.1102,0.0422,0.0443,2206.08383847804,0.02922302610883931,171.0,0.034420289855072506,,,0,44.666666666666664,1000.0,5.0,1000.0,123.0,191.0,107.0,125.0,6.0,5.0,5.0,4.0,0.07744247553476756,0.11090143435695037,False
DVN,Devon Energy Corporation,Energy,Oil Gas and Consumable Fuels,46.343,53452.16,0.3444,-0.0241,0.0961,0.0281,60.58119147240541,-0.0021823169971317835,-374.0,-0.14155942467827398,,,0,99.33333333333333,99.33333333333333,13.333333333333334,13.333333333333334,267.0,265.0,187.0,267.0,11.0,20.0,11.0,18.0,0.001947173860728604,0.0019506645163555798,False
EA,Electronic Arts Inc.,Communication Services,Entertainment,203.055,50916.34,0.375,0.1721,0.0676,0.1042,67.91408185511955,0.009111617312072884,-234.0,-0.20874219446922393,,,0,95.66666666666667,95.66666666666667,7.666666666666667,7.666666666666667,266.0,134.0,244.0,254.0,13.0,8.0,6.0,4.0,0.0004903702295533363,0.004837150873747717,False
EBAY,eBay Inc.,Consumer Discretionary,Broadline Retail,108.984,48388.9,0.3994,0.3339,0.1017,0.1629,1292.0831778192478,0.045405405405405386,13.0,0.006400787789266449,,,0,62.0,62.0,6.666666666666667,6.666666666666667,165.0,67.0,217.0,211.0,17.0,4.0,2.0,1.0,0.008803305495339819,0.013779992394282094,False
ECL,Ecolab Inc.,Materials,Chemicals,260.01,73176.56,-0.0296,0.1353,0.0392,0.0801,768.5059103908479,0.023076636071934775,30.09999999999991,0.014501830795914383,,,0,78.66666666666667,1000.0,4.333333333333333,1000.0,220.0,171.0,183.0,202.0,9.0,7.0,3.0,1.0,0.03300687321712452,0.24273988479418596,False
ED,Consolidated Edison Inc.,Utilities,Multi-Utilities,108.504,39986.95,0.0581,0.0508,0.0703,0.0347,1441.6813267363013,0.017555266579974083,133.0,0.0657439446366781,,,0,57.666666666666664,1000.0,5.333333333333333,1000.0,153.0,225.0,179.0,138.0,8.0,12.0,3.0,5.0,0.050608852178406744,0.19877095923926572,False
EMR,Emerson Electric Co.,Industrials,Electrical Equipment,137.534,77032.79,0.0873,0.1772,0.0722,0.1005,711.2326028450589,0.01665186500888094,153.0,0.06672481465329261,,,0,94.66666666666667,1000.0,14.333333333333334,1000.0,226.0,129.0,172.0,132.0,35.0,23.0,5.0,3.0,0.006091541927512358,0.07736205173914486,True
EOG,EOG Resources Inc.,Energy,Oil Gas and Consumable Fuels,140.661,74920.06,0.173,0.0654,0.1048,0.056,421.3062266745219,0.0404343603778583,517.0,0.10381526104417671,,,0,91.33333333333333,1000.0,9.333333333333334,1000.0,252.0,218.0,146.0,74.0,7.0,15.0,7.0,14.0,0.013541438390436736,0.013565713828325592,False
EPD,Enterprise Products Partners L.P.,Energy,Oil Gas and Consumable Fuels,38.129,82492.79,0.1874,0.1356,0.0842,0.0306,-5312.343922347231,-0.019602251121758285,89.0,0.015307877536979708,,,0,108.0,1000.0,15.333333333333334,1000.0,293.0,169.0,75.0,160.0,18.0,13.0,16.0,12.0,-0.17074700865707942,-0.17105310305295174,False
EQIX,Equinix Inc.,Real Estate,Specialized REITs,1043.169,102881.76,0.1672,0.1191,0.0503,0.109,712.1584011843079,0.028725701943844495,72.0,0.05333333333333323,,,0,79.33333333333333,1000.0,4.0,1000.0,225.0,184.0,229.0,173.0,6.0,7.0,3.0,3.0,0.04808080422864182,0.2183711281417703,False
ETR,Entergy Corporation,Utilities,Electric Utilities,110.916,50786.98,0.3502,0.2971,0.1527,0.1092,1355.4716091954015,0.02631946852824929,24.160000000000082,0.01374077928873274,,,0,56.666666666666664,56.666666666666664,5.666666666666667,5.666666666666667,158.0,79.0,201.0,205.0,9.0,3.0,6.0,2.0,0.04758254201508753,0.06814054074826136,False
EW,Edwards Lifesciences Corporation,Health Care,Health Care Equipment and Supplies,85.941,49484.83,0.1387,0.0072,-0.0298,0.0976,781.379982479194,0.03887863405629899,22.700000000000045,0.02114578481602236,,,0,89.33333333333333,1000.0,13.666666666666666,1000.0,218.0,253.0,258.0,206.0,30.0,20.0,7.0,4.0,0.0027064136016293474,0.05053491125972085,False
EXC,Exelon Corporation,Utilities,Electric Utilities,45.815,46878.28,0.0684,0.0455,-0.0047,0.0284,1087.749689262837,0.021766015335147104,11.0,0.0039739884393064084,,,0,68.66666666666667,1000.0,9.333333333333334,1000.0,180.0,228.0,139.0,213.0,12.0,14.0,8.0,8.0,0.03818441857441077,0.05468196568803089,False
F,Ford Motor Company,Consumer Discretionary,Automobiles,14.325,57080.72,0.3438,0.014,-0.0128,0.009,6985.831439029105,0.013851879936134015,2077.0,-0.25384991444634564,,,2,21.666666666666668,21.666666666666668,2.3333333333333335,2.3333333333333335,42.0,247.0,18.0,22.0,3.0,20.0,1.0,3.0,0.04759632301731409,0.7643435928153983,False
FANG,Diamondback Energy Inc.,Energy,Oil Gas and Consumable Fuels,196.722,55340.51,0.321,0.141,0.1764,0.0821,2070.172992888356,0.01147254284714938,-1380.0,-0.8293269230769231,,,0,48.333333333333336,48.333333333333336,6.333333333333333,6.333333333333333,129.0,163.0,194.0,287.0,4.0,12.0,4.0,11.0,0.06653858468225429,0.06665786693522435,False
FAST,Fastenal Company,Industrials,Trading Companies and Distributors,46.177,53012.82,0.0827,0.1897,0.1195,0.1526,832.5602307553627,0.02954697884275337,41.09999999999991,0.0326605212968849,,,0,88.0,1000.0,12.333333333333334,1000.0,214.0,120.0,240.0,191.0,31.0,19.0,3.0,3.0,0.00713068485969068,0.23096683308225008,False
FCX,Freeport-McMoRan Inc.,Materials,Metals and Mining,64.497,92718.3,0.5727,0.1934,0.0956,0.2005,1558.8564035005184,0.01952537140652133,529.0,0.24001814882032657,,,0,54.333333333333336,54.333333333333336,6.0,6.0,151.0,117.0,128.0,71.0,6.0,6.0,6.0,6.0,0.06695195831073866,0.07968907111709365,False
FDX,FedEx Corporation,Industrials,Air Freight and Logistics,329.354,78586.09,0.4703,0.1371,0.0215,0.0742,4118.500047760055,0.045572413165616554,392.0,0.09579667644183765,,,0,37.333333333333336,37.333333333333336,3.3333333333333335,3.3333333333333335,70.0,167.0,40.0,82.0,8.0,34.0,1.0,1.0,0.03527399562257893,1.0,False
FERG,Ferguson Enterprises Inc.,Industrials,Trading Companies and Distributors,223.655,43375.16,0.0479,0.1561,0.1054,0.1535,845.9431906614809,0.008409309332710002,69.0,0.036577608142493556,,,0,88.33333333333333,1000.0,11.666666666666666,1000.0,210.0,147.0,110.0,175.0,29.0,26.0,2.0,4.0,0.007245306800608784,0.2346795012503878,False
FITB,Fifth Third Bancorp,Financials,Banks,52.883,47928.47,0.3511,0.2596,0.0544,0.1105,1092.778070637848,0.07719928186714542,-350.0,-0.13877874702616966,,,0,75.33333333333333,75.33333333333333,16.0,16.0,179.0,92.0,232.0,265.0,37.0,10.0,8.0,3.0,0.007015331678844803,0.03149317084939118,False
FTNT,Fortinet Inc.,Information Technology,Software,143.911,105436.16,0.4106,0.283,0.2572,0.3578,967.3833693304532,0.04557621036531545,101.09999999999991,0.05454839753965679,,,1,89.33333333333333,89.33333333333333,19.333333333333332,19.333333333333332,197.0,84.0,249.0,154.0,39.0,32.0,12.0,7.0,0.0023819472968390704,0.011826447776920991,False
GD,General Dynamics Corporation,Industrials,Aerospace and Defense,356.951,96385.05,0.2941,0.1886,0.1326,0.0968,4600.866941015083,0.023939105613701273,131.0,0.031116389548693668,,,0,29.666666666666668,29.666666666666668,6.0,6.0,62.0,121.0,72.0,140.0,7.0,20.0,4.0,7.0,0.039405355944016555,0.08363279841255315,False
GEV,GE Vernova Inc.,Industrials,Electrical Equipment,903.039,242664.64,0.8678,,,,3667.19189262719,0.03433329830829046,4491.0,0.9195331695331694,,,2,44.666666666666664,44.666666666666664,5.333333333333333,5.333333333333333,77.0,290.0,91.0,13.0,9.0,48.0,1.0,6.0,0.03140864617399776,0.398887069855825,True
GFS,GLOBALFOUNDRIES Inc.,Information Technology,Semiconductors and Semiconductor Equipment,78.098,42830.23,1.0259,0.0951,,,54.285714285714675,0.007215432189662696,-107.0,-0.1209039548022599,,,1,120.66666666666667,120.66666666666667,27.666666666666668,27.666666666666668,269.0,201.0,250.0,240.0,51.0,42.0,17.0,15.0,0.00013366542624082057,0.00030209787510335716,False
GILD,Gilead Sciences Inc.,Health Care,Biotechnology,125.78,156164.66,0.1508,0.1716,0.1283,0.0406,1000.0123695400071,0.009951431579662495,706.0,0.0829612220916569,,,0,74.0,1000.0,10.333333333333334,1000.0,193.0,136.0,114.0,52.0,24.0,5.0,5.0,2.0,0.00346367598275751,0.07442403140114966,False
GM,General Motors Company,Consumer Discretionary,Automobiles,79.415,71605.74,0.5924,0.2981,0.0525,0.1057,-3825.5046442788444,-0.002140320723817535,-157.0,-0.058212829069336336,,,1,106.66666666666667,106.66666666666667,9.666666666666666,9.666666666666666,289.0,78.0,20.0,245.0,25.0,6.0,3.0,1.0,-0.026064178092827944,-0.4185614825751454,False
GWW,W.W. Grainger Inc.,Industrials,Trading Companies and Distributors,1314.405,62057.16,0.2186,0.2292,0.2339,0.1942,1139.467029359348,0.024300523910377958,76.0,0.04454865181711609,,,0,71.66666666666667,1000.0,8.333333333333334,1000.0,176.0,104.0,171.0,168.0,22.0,17.0,1.0,2.0,0.009759270253633939,0.31610817025693333,False
HCA,HCA Healthcare Inc.,Health Care,Health Care Providers and Services,375.317,83260.25,0.021,0.1133,0.1213,0.1677,4803.331271670875,0.010423280423280445,10.0,0.0014740566037736436,,,0,27.666666666666668,1000.0,8.333333333333334,1000.0,60.0,187.0,52.0,214.0,12.0,11.0,9.0,4.0,0.01663697737115731,0.021700228802412996,False
HD,The Home Depot Inc.,Consumer Discretionary,Specialty Retail,320.403,319479.18,-0.1111,0.0251,0.0061,0.0953,3633.9641983761976,0.011591967598355568,-144.0,-0.010172365074879952,,,2,34.333333333333336,1000.0,5.333333333333333,1000.0,78.0,239.0,22.0,243.0,6.0,19.0,4.0,6.0,0.024759162216961093,0.13954781848811343,False
HEI,HEICO Corporation,Industrials,Aerospace and Defense,327.76,38574.73,0.0846,0.2598,0.1798,0.2538,777.2090909090912,0.0950404009774719,99.25,0.14376140676149363,,,1,89.0,89.0,16.0,16.0,219.0,91.0,277.0,156.0,33.0,15.0,10.0,5.0,0.0066566152124888965,0.01412780940151745,False
HIG,The Hartford Insurance Group Inc.,Financials,Insurance,129.11,35393.03,0.0381,0.2181,0.1466,0.1141,1845.7496490407102,0.014625035241048856,226.0,0.05891553701772678,,,0,62.333333333333336,1000.0,13.0,1000.0,143.0,109.0,117.0,107.0,29.0,15.0,8.0,2.0,0.011849200063626811,0.058713207022314105,False
HLT,Hilton Worldwide Holdings Inc.,Consumer Discretionary,Hotels Restaurants and Leisure,339.661,77323.27,0.3397,0.3378,0.2142,0.1823,312.1786786786788,0.023617278966491684,85.0,0.05833905284831853,,,0,93.33333333333333,93.33333333333333,11.666666666666666,11.666666666666666,255.0,65.0,274.0,163.0,22.0,3.0,11.0,2.0,0.0021269561625113804,0.017511860885020228,False
HON,Honeywell International Inc.,Industrials,Industrial Conglomerates,211.04,133726.15,-0.0655,0.0216,-0.0129,0.061,3122.2157006603084,0.0058223385502911285,-628.0,-0.13279763163459501,,,0,47.333333333333336,1000.0,5.0,1000.0,88.0,244.0,95.0,281.0,12.0,42.0,1.0,2.0,0.026741051761729955,0.8596150609961637,False
HPE,Hewlett Packard Enterprise Company,Information Technology,Technology Hardware Storage and Peripherals,45.111,59736.15,1.4759,0.4176,0.2319,0.0896,7146.096589982051,0.13115232097037555,1499.0,26.29824561403509,,,4,25.333333333333332,25.333333333333332,5.333333333333333,5.333333333333333,39.0,48.0,93.0,29.0,10.0,27.0,3.0,3.0,0.01759553243843718,0.07040469574575763,False
HSY,The Hershey Company,Consumer Staples,Food Products,181.021,36718.91,0.0772,-0.1086,0.007,0.065,1236.7729147982063,0.02554953654368841,210.9000000000001,0.23877453977311336,,,0,65.0,1000.0,5.333333333333333,1000.0,168.0,281.0,212.0,115.0,11.0,16.0,2.0,3.0,0.013918699648613711,0.30333290639592386,False
IBM,International Business Machines Corporation,Information Technology,IT Services,272.682,256289.8,-0.0314,0.2623,0.125,0.0599,6081.860685630927,0.020374620567113366,161.0,0.015198716133295598,,,0,30.333333333333332,30.333333333333332,4.666666666666667,4.666666666666667,46.0,90.0,58.0,128.0,11.0,34.0,1.0,2.0,0.014975109226776286,0.5357509918302749,False
ICE,Intercontinental Exchange Inc.,Financials,Capital Markets,139.588,79066.94,-0.2136,0.0825,0.0438,0.1031,972.7221617700397,0.05075017621588973,616.0,0.18582202111613877,,,0,91.66666666666667,1000.0,23.666666666666668,1000.0,196.0,210.0,225.0,60.0,39.0,40.0,14.0,18.0,0.00624460609114955,0.02054132897744423,False
IDXX,IDEXX Laboratories Inc.,Health Care,Health Care Equipment and Supplies,554.397,43732.5,0.0576,0.0711,-0.0105,0.2007,514.2818181818184,0.0330878081650674,35.76999999999998,0.03376248277424354,,,0,96.66666666666667,1000.0,14.0,1000.0,243.0,216.0,281.0,196.0,32.0,15.0,8.0,2.0,0.0017812835483471136,0.03326062431474958,False
INTC,Intel Corporation,Information Technology,Semiconductors and Semiconductor Equipment,112.95,567686.7,4.4618,0.5314,0.1431,0.1342,721.3662194159479,0.01721756570109556,-2907.0,10.887640449438202,,,2,97.33333333333333,97.33333333333333,22.333333333333332,22.333333333333332,224.0,38.0,73.0,292.0,45.0,23.0,13.0,9.0,0.001776189637783497,0.004014374774732338,False
INTU,Intuit Inc.,Information Technology,Software,276.981,75764.55,-0.6378,-0.1371,-0.1011,0.1003,2740.4167028765114,0.11119961765174446,715.0,0.18480227448953213,,,0,57.333333333333336,1000.0,12.666666666666666,1000.0,103.0,283.0,157.0,51.0,19.0,50.0,4.0,15.0,0.0067476125438740864,0.03350212134203042,False
IRM,Iron Mountain Incorporated,Real Estate,Specialized REITs,123.485,36739.84,0.2229,0.3001,0.2167,0.1274,979.9155171221037,0.04978744490519782,127.71000000000001,0.88325610346497,,,1,67.0,67.0,2.0,2.0,195.0,76.0,246.0,141.0,4.0,2.0,1.0,1.0,0.0661582115172755,0.30047424365383596,False
ISRG,Intuitive Surgical Inc.,Health Care,Health Care Equipment and Supplies,409.635,145077.5,-0.2159,0.0938,0.0729,0.1909,1867.5319360948688,0.051407394159786124,123.09999999999991,0.04310224089635861,,,0,58.0,1000.0,8.666666666666666,1000.0,140.0,204.0,224.0,146.0,20.0,14.0,5.0,1.0,0.006468445502389005,0.12078062246464297,False
ITW,Illinois Tool Works Inc.,Industrials,Machinery,251.098,72240.89,0.0182,0.0187,0.0153,0.0879,457.1516034985416,0.011032161555721842,68.0,0.02217873450750174,,,0,110.66666666666667,1000.0,17.0,1000.0,249.0,246.0,186.0,176.0,39.0,44.0,5.0,7.0,0.003915397225607116,0.03770098610745881,False
JNJ,Johnson & Johnson,Health Care,Pharmaceuticals,239.647,576882.33,0.5435,0.1437,0.0775,0.0743,7030.397144711227,0.023027188856921343,-5764.0,-0.2150425309655275,,,1,20.0,20.0,4.666666666666667,4.666666666666667,41.0,159.0,36.0,296.0,10.0,9.0,2.0,2.0,0.024350716532220908,0.207886175046558,False
JPM,JPMorgan Chase & Co.,Financials,Banks,310.222,831243.39,0.1569,0.2997,0.1411,0.1711,4842.172936716233,0.03164620917169425,1851.0,0.03244636095919229,,,3,27.0,27.0,6.333333333333333,6.333333333333333,59.0,77.0,21.0,25.0,13.0,9.0,4.0,2.0,0.03108540527132156,0.13954835265800306,True
KDP,Keurig Dr Pepper Inc.,Consumer Staples,Beverages,31.334,42631.77,-0.0464,0.0003,-0.0232,,1426.0954299844325,0.020538456905378588,-247.0,-0.1188071188071188,,,0,58.666666666666664,1000.0,5.0,1000.0,154.0,258.0,180.0,257.0,9.0,13.0,3.0,3.0,0.016049344000594153,0.15682579156284118,False
KEYS,Keysight Technologies Inc.,Information Technology,Electronic Equipment Instruments and Components,331.63,56674.03,1.0408,0.27,0.1753,0.2687,980.1889420253374,0.13265116279069766,204.0,0.24,,,3,88.33333333333333,88.33333333333333,16.666666666666668,16.666666666666668,194.0,86.0,263.0,118.0,38.0,33.0,6.0,6.0,0.002413477918753903,0.0463298469968157,False
KKR,KKR & Co. Inc.,Financials,Capital Markets,92.459,83016.43,-0.2662,0.1872,0.1035,0.2131,5046.518494193031,-0.011565581372502076,591.1599999999999,0.24938619508449822,,,0,29.666666666666668,1000.0,7.333333333333333,1000.0,57.0,123.0,134.0,65.0,11.0,21.0,3.0,8.0,0.03239724699043789,0.10656917324813887,False
KMI,Kinder Morgan Inc.,Energy,Oil Gas and Consumable Fuels,31.895,70960.82,0.159,0.2319,0.1075,0.0617,2025.6361545945,0.03465784967821928,259.0,0.08475130890052363,,,0,48.0,1000.0,5.0,1000.0,133.0,102.0,177.0,100.0,5.0,6.0,5.0,5.0,0.06510710132483644,0.06522381738916908,False
KO,The Coca-Cola Company,Consumer Staples,Beverages,83.552,359481.01,0.1593,0.1135,0.0826,0.0615,2395.977927885069,0.028013600050061482,594.0,0.045319295033188434,,,1,43.666666666666664,1000.0,4.0,1000.0,116.0,186.0,76.0,64.0,8.0,7.0,2.0,2.0,0.026964446539792936,0.2634824621181023,False
KR,The Kroger Co.,Consumer Staples,Consumer Staples Distribution and Retail,64.863,39737.28,0.0038,0.1196,0.1087,0.0582,514.9446935724991,0.0035276605289451535,-1649.0,-0.6187617260787992,,,1,87.0,1000.0,6.666666666666667,1000.0,242.0,183.0,23.0,289.0,13.0,6.0,4.0,3.0,0.005795211424606978,0.007483056672921903,False
LHX,L3Harris Technologies Inc.,Industrials,Aerospace and Defense,309.521,57662.2,0.2548,0.179,0.0674,0.1433,1230.1902826354126,0.027989938257489078,126.0,0.078455790784558,,,0,71.0,71.0,11.666666666666666,11.666666666666666,171.0,127.0,149.0,143.0,20.0,22.0,7.0,8.0,0.010536293830619572,0.022361928140010506,False
LMT,Lockheed Martin Corporation,Industrials,Aerospace and Defense,543.099,125218.86,0.1894,0.0547,0.0697,0.0848,3241.1066883551684,0.0007728387165546469,-224.0,-0.0446481961331473,,,0,45.333333333333336,1000.0,9.0,1000.0,84.0,223.0,54.0,253.0,11.0,41.0,5.0,11.0,0.027759325436825202,0.05891559694638361,False
LNG,Cheniere Energy Inc.,Energy,Oil Gas and Consumable Fuels,243.935,51117.03,0.038,0.183,0.2243,0.2168,4159.315419065897,0.06583876430440805,-3855.0,-0.7232645403377111,,,0,26.666666666666668,1000.0,4.666666666666667,1000.0,68.0,126.0,159.0,295.0,3.0,9.0,3.0,8.0,0.13368687649894753,0.13392653401341786,False
LOW,Lowe's Companies Inc.,Consumer Discretionary,Specialty Retail,216.267,121262.43,-0.0241,0.0112,0.0253,0.1068,5194.165662650601,0.02489395730477706,-13.0,-0.0019537120529005136,,,0,26.666666666666668,1000.0,4.333333333333333,1000.0,55.0,249.0,44.0,224.0,4.0,21.0,2.0,7.0,0.035389228732853384,0.19946109744632126,False
LYV,Live Nation Entertainment Inc.,Communication Services,Entertainment,170.481,39673.11,0.1873,0.2645,0.1427,0.218,2874.1097727272754,0.016305040075138555,-412.3,-0.8313002802588867,,,0,36.0,36.0,4.0,4.0,95.0,88.0,132.0,268.0,8.0,5.0,3.0,1.0,0.020752365790947056,0.20470721562654215,True
MA,Mastercard Incorporated,Financials,Financial Services,486.559,429915.68,-0.1764,0.0961,0.0589,0.177,4869.19271948608,0.03500960629441008,602.0,0.04021913415285949,,,1,36.0,1000.0,6.666666666666667,1000.0,58.0,199.0,103.0,63.0,12.0,38.0,3.0,5.0,0.031258864771575044,0.1769718313617618,False
MAR,Marriott International Inc.,Consumer Discretionary,Hotels Restaurants and Leisure,389.83,102793.74,0.4652,0.2953,0.2212,0.1933,501.83089945121355,0.028931538241191657,-17.0,-0.006535947712418277,,,0,91.33333333333333,91.33333333333333,11.333333333333334,11.333333333333334,246.0,80.0,248.0,226.0,21.0,7.0,10.0,3.0,0.0034191070595984523,0.02815052243859224,False
MCD,McDonald's Corporation,Consumer Discretionary,Hotels Restaurants and Leisure,282.237,200531.04,-0.0646,-0.0053,0.0356,0.0871,1737.8696140876746,0.02086665426817924,115.0,0.013429872708162982,,,0,60.0,1000.0,8.666666666666666,1000.0,145.0,261.0,124.0,152.0,12.0,23.0,4.0,10.0,0.011840566758018983,0.09748689771837926,False
MCHP,Microchip Technology Incorporated,Information Technology,Semiconductors and Semiconductor Equipment,90.004,48789.3,0.2932,0.0396,0.0316,0.1316,311.6244676877104,0.07076972010178118,230.5,-461.0,,,0,117.0,117.0,27.666666666666668,27.666666666666668,256.0,231.0,279.0,106.0,50.0,45.0,16.0,17.0,0.000767299792378485,0.0017341779648176313,False
MCO,Moody's Corporation,Financials,Capital Markets,440.8,76997.37,-0.0884,0.095,0.0504,0.1604,646.7494263423587,0.020082923037056277,36.0,0.014640097600650659,,,0,104.33333333333333,1000.0,25.333333333333332,1000.0,232.0,202.0,242.0,194.0,42.0,39.0,17.0,17.0,0.00415195167326696,0.013657643728705794,False
MDLN,Medline Inc.,Health Care,Health Care Equipment and Supplies,36.2,47555.51,,,,,3035.9061184269485,0.024901519414743944,-193.0,-0.16652286453839515,,,0,46.333333333333336,1000.0,8.333333333333334,1000.0,92.0,290.0,115.0,249.0,15.0,32.0,2.0,8.0,0.01051526503931041,0.19634396801511939,False
MDLZ,Mondelez International Inc.,Consumer Staples,Food Products,63.734,81812.13,-0.048,-0.044,-0.0001,0.0353,2840.506169403474,0.019902950411293086,158.0,0.06446348429212567,,,0,38.666666666666664,1000.0,2.6666666666666665,1000.0,97.0,271.0,92.0,130.0,5.0,14.0,1.0,2.0,0.03196718795253693,0.6966670936040762,False
MET,MetLife Inc.,Financials,Insurance,86.818,55861.89,0.1002,0.1719,0.0625,0.0725,4093.425026049066,0.006551719664240618,240.0,0.07102693104468782,,,0,37.0,1000.0,8.0,1000.0,71.0,135.0,51.0,103.0,17.0,23.0,2.0,5.0,0.026278651660218935,0.13021165200256224,False
MMM,3M Company,Industrials,Industrial Conglomerates,155.935,81330.59,0.0595,0.1595,-0.0512,-0.0077,509.8934169278982,0.0030463363796697784,-463.0,-0.14246153846153842,,,0,102.66666666666667,1000.0,13.666666666666666,1000.0,245.0,145.0,136.0,274.0,38.0,25.0,2.0,1.0,0.0043671185985486635,0.14038493900383633,False
MNST,Monster Beverage Corporation,Consumer Staples,Beverages,91.939,89917.09,0.4689,0.1705,0.1448,0.1363,1345.1043943757413,0.06013016104958324,126.49000000000001,0.06638396582398731,,,0,58.333333333333336,58.333333333333336,5.0,5.0,160.0,138.0,235.0,142.0,10.0,5.0,4.0,1.0,0.015137867135779824,0.14791931658103305,True
MO,Altria Group Inc.,Consumer Staples,Tobacco,72.668,121347.66,0.213,0.1708,0.0786,0.0095,131.60158966716335,0.011867520730920011,1106.0,0.15920541240823383,,,0,94.0,1000.0,6.333333333333333,1000.0,263.0,137.0,162.0,40.0,15.0,4.0,2.0,2.0,0.0014810503835752408,0.04065357619850806,False
MPC,Marathon Petroleum Corporation,Energy,Oil Gas and Consumable Fuels,266.83,77897.45,0.6205,0.3306,0.3337,0.2202,-2028.2210494265892,0.020814873774160025,585.0,0.1445515196441809,,,2,100.66666666666667,100.66666666666667,10.333333333333334,10.333333333333334,284.0,69.0,26.0,67.0,15.0,3.0,13.0,3.0,-0.06519018387120842,-0.0653070488757892,False
MPLX,MPLX LP,Energy,Oil Gas and Consumable Fuels,56.606,57440.02,0.096,0.1904,0.1302,0.0554,355.05430566330324,-0.006939155454006918,-214.0,-0.04356677524429964,,,0,89.66666666666667,1000.0,7.666666666666667,1000.0,253.0,119.0,216.0,252.0,8.0,8.0,8.0,7.0,0.011411998449083615,0.01143245648696341,False
MPWR,Monolithic Power Systems Inc.,Information Technology,Semiconductors and Semiconductor Equipment,1535.635,75445.75,1.1304,0.4503,0.3461,0.3633,570.4152623083128,0.0597141689900591,58.17999999999995,0.09361524103752328,,,3,103.0,103.0,24.0,24.0,236.0,43.0,289.0,185.0,47.0,26.0,14.0,11.0,0.0014045094584078076,0.0031743386070764447,False
MRK,Merck & Co. Inc.,Health Care,Pharmaceuticals,120.878,298547.44,0.505,0.0296,0.0964,0.0784,1847.307998833705,0.011644183292058186,-9319.0,-0.5105182425769694,,,0,60.0,60.0,9.0,9.0,141.0,236.0,61.0,298.0,21.0,18.0,3.0,3.0,0.006398397203085958,0.054624196344205865,False
MRSH,Marsh & McLennan Companies Inc.,Financials,Insurance,167.756,81042.24,-0.228,-0.02,0.0384,0.0971,2471.946755256213,0.01986583151106336,-235.0,-0.05649038461538458,,,0,60.0,1000.0,13.0,1000.0,111.0,264.0,123.0,255.0,23.0,46.0,6.0,10.0,0.015869211550378556,0.07863250667008226,False
MSCI,MSCI Inc.,Financials,Capital Markets,597.78,43518.38,0.0782,0.0803,0.0451,0.2277,317.6055758997022,0.03349859305909142,117.3900000000001,0.09763704868128853,,,0,113.33333333333333,1000.0,27.666666666666668,1000.0,254.0,212.0,287.0,151.0,45.0,41.0,19.0,19.0,0.00203893957781052,0.00670699288659649,False
MSI,Motorola Solutions Inc.,Information Technology,Communications Equipment,409.516,67977.85,0.0011,0.1374,0.1403,0.1975,911.5745937961583,0.01592193117616847,-64.0,-0.02971216341689875,,,0,94.33333333333333,1000.0,17.333333333333332,1000.0,201.0,166.0,213.0,234.0,42.0,40.0,5.0,5.0,0.0022445317010801537,0.08576975809980793,False
NDAQ,Nasdaq Inc.,Financials,Capital Markets,86.16,48727.0,-0.0073,0.1417,0.0836,0.1469,650.0129367244572,0.032387121356448834,124.0,0.06935123042505587,,,0,100.0,1000.0,22.666666666666668,1000.0,231.0,161.0,270.0,145.0,41.0,28.0,16.0,11.0,0.004172902503433611,0.013726560468772664,False
NEE,NextEra Energy Inc.,Utilities,Electric Utilities,84.99,177255.6,0.1642,0.0468,0.0295,0.1062,2597.592310482407,0.016562089595797413,1349.0,0.19736649597659106,,,1,40.0,1000.0,3.6666666666666665,1000.0,105.0,227.0,120.0,34.0,2.0,13.0,2.0,7.0,0.09118600818571591,0.13058284915673266,False
NEM,Newmont Corporation,Materials,Metals and Mining,94.753,100739.47,0.7774,0.3162,0.0615,0.1022,5296.891042306783,0.10132780449071421,1371.0,0.19350741002117156,,,1,19.0,19.0,2.0,2.0,52.0,72.0,137.0,32.0,1.0,4.0,1.0,4.0,0.22749832982992318,0.2707781974157578,False
NET,Cloudflare Inc.,Information Technology,IT Services,223.933,79152.76,0.2461,0.5178,0.1895,,558.4769707335615,0.07411182966318264,15.530000000000001,-0.1518529383005769,,,0,103.0,103.0,17.666666666666668,17.666666666666668,237.0,39.0,292.0,209.0,48.0,24.0,4.0,1.0,0.001375114306240744,0.04919622570306109,False
NFLX,Netflix Inc.,Communication Services,Entertainment,80.855,340464.11,-0.3372,0.2432,0.1059,0.2402,6716.934825222757,0.03777855584750367,2392.4399999999987,0.21786689979237228,,,2,18.333333333333332,1000.0,2.3333333333333335,1000.0,45.0,98.0,81.0,20.0,4.0,6.0,1.0,2.0,0.048499291784079204,0.4784107547540007,True
NFTN,NFiniTi Inc.,Consumer Staples,Beverages,3000.0,95451.47,,,,,,,-0.07999999999999999,0.5,,,1,110.0,1000.0,9.0,1000.0,296.0,290.0,298.0,220.0,17.0,17.0,5.0,5.0,,,False
NKE,NIKE Inc.,Consumer Discretionary,Textiles Apparel and Luxury Goods,44.504,65905.4,-0.2948,-0.2503,-0.1953,-0.0211,-1295.8919724534935,0.004621131961389802,-969.0,-0.30102516309412863,,,0,110.0,1000.0,8.333333333333334,1000.0,282.0,289.0,82.0,283.0,23.0,25.0,1.0,1.0,-0.00882925582370093,,False
NOC,Northrop Grumman Corporation,Industrials,Aerospace and Defense,555.676,78924.59,0.1376,0.0693,0.0817,0.0983,1998.2529776083902,0.009844114983076802,394.0,0.09421329507412723,,,0,64.0,1000.0,11.0,1000.0,135.0,217.0,88.0,81.0,17.0,40.0,6.0,10.0,0.017114572287864695,0.03632347785670482,False
NOW,ServiceNow Inc.,Information Technology,Software,103.451,106689.84,-0.485,-0.0106,0.0076,0.2144,2491.0548800525794,0.051363157101973256,9.0,0.005148741418764313,,,0,59.666666666666664,1000.0,13.0,1000.0,110.0,263.0,199.0,216.0,21.0,48.0,5.0,13.0,0.0061336194376855595,0.030453625090512092,False
NSC,Norfolk Southern Corporation,Industrials,Ground Transportation,309.603,69534.98,0.2319,0.1268,0.0266,0.1391,72.67395626242615,0.00041050903119876914,-203.0,-0.07065784893839189,,,0,114.66666666666667,1000.0,16.333333333333332,1000.0,265.0,176.0,209.0,251.0,42.0,37.0,3.0,4.0,0.000622435543365001,0.008225835821998572,False
NUE,Nucor Corporation,Materials,Metals and Mining,256.921,58511.43,1.1935,0.2079,0.1923,0.1765,3733.349959918054,0.05127100387763894,587.0,0.3365825688073394,,,2,28.0,28.0,3.6666666666666665,3.6666666666666665,76.0,112.0,102.0,66.0,3.0,5.0,3.0,5.0,0.16034516733840282,0.1908496445168624,False
O,Realty Income Corporation,Real Estate,Retail REITs,62.248,58212.73,0.0777,0.0072,-0.0242,-0.0032,524.2810209662712,0.028897862290484744,61.950000000000045,0.058521240518047746,,,0,86.66666666666667,1000.0,4.666666666666667,1000.0,240.0,253.0,265.0,184.0,10.0,10.0,2.0,2.0,0.03539641333718944,0.4447468256618669,False
ODFL,Old Dominion Freight Line Inc.,Industrials,Ground Transportation,243.571,50655.04,0.5025,0.1669,0.1417,0.2836,-273.29850992334286,-0.007306613977538068,-16.40000000000009,-0.016020318452671822,,,1,114.66666666666667,114.66666666666667,17.333333333333332,17.333333333333332,275.0,140.0,269.0,225.0,45.0,24.0,5.0,2.0,-0.002340738213160023,-0.03093417213875533,False
ON,ON Semiconductor Corporation,Information Technology,Semiconductors and Semiconductor Equipment,113.161,44348.16,1.1854,0.083,0.2452,0.2769,-602.5672823219002,0.01127531107182178,452.70000000000005,3.7413223140495875,,,3,124.66666666666667,124.66666666666667,29.0,29.0,278.0,209.0,264.0,77.0,53.0,43.0,18.0,16.0,-0.0014836760221376409,-0.0033532633399309107,False
ORLY,O'Reilly Automotive Inc.,Consumer Discretionary,Specialty Retail,90.831,75273.02,0.0091,0.1448,0.2056,0.1795,1336.0677464788714,0.023822980442571362,65.69999999999982,0.025884383088869534,,,0,64.0,1000.0,8.666666666666666,1000.0,162.0,157.0,173.0,180.0,16.0,14.0,6.0,4.0,0.009102984031240999,0.051306322571027976,False
OXY,Occidental Petroleum Corporation,Energy,Oil Gas and Consumable Fuels,57.544,57235.26,0.2833,-0.0101,0.1522,-0.0267,-628.5028318401819,-0.021951558375399416,2409.0,1.0356835769561479,,,2,104.0,104.0,14.333333333333334,14.333333333333334,279.0,262.0,155.0,19.0,14.0,19.0,12.0,17.0,-0.020201060028846536,-0.020237274023540457,False
PANW,Palo Alto Networks Inc.,Information Technology,Software,272.382,221991.33,0.4012,0.3516,0.3488,0.2866,1731.5104593757842,0.1501924849536409,-291.0000000000001,-0.2566363876885087,,,3,68.33333333333333,68.33333333333333,15.333333333333334,15.333333333333334,146.0,61.0,223.0,263.0,31.0,28.0,10.0,5.0,0.0042634252240797655,0.021168048440995204,True
PAYX,Paychex Inc.,Industrials,Professional Services,99.672,35711.57,-0.353,-0.0371,-0.0104,0.0621,894.2603229130891,0.13678051582102424,-20.59999999999991,-0.012429855789537148,,,1,91.66666666666667,1000.0,10.0,1000.0,203.0,268.0,256.0,228.0,26.0,46.0,2.0,2.0,0.007659131807716831,0.39012065756895836,False
PCAR,PACCAR Inc,Industrials,Machinery,114.987,60516.07,0.2248,0.1434,0.133,0.1212,-4582.468965517241,-0.02338564517943531,100.19999999999982,0.04217526727839038,,,0,123.33333333333333,1000.0,20.0,1000.0,292.0,160.0,121.0,155.0,48.0,30.0,7.0,5.0,-0.03924778156022404,-0.3779131419089024,False
PCG,PG&E Corporation,Utilities,Electric Utilities,16.815,37030.41,0.1685,-0.0013,0.0987,-0.1237,1290.91373741212,0.03601363545217562,251.0,0.09679907443116087,,,0,64.0,1000.0,9.0,1000.0,166.0,259.0,130.0,101.0,11.0,15.0,7.0,9.0,0.04531629930982273,0.06489516971796663,False
PEG,Public Service Enterprise Group Incorporated,Utilities,Multi-Utilities,79.2,39467.06,-0.0199,0.0844,0.0508,0.0596,2041.835952601059,0.05144641683103224,152.0,0.0720037896731407,,,0,48.333333333333336,1000.0,3.3333333333333335,1000.0,131.0,207.0,204.0,133.0,7.0,7.0,2.0,1.0,0.07167670967319421,0.2815169229017614,False
PEP,PepsiCo Inc.,Consumer Staples,Beverages,145.0,198181.41,0.1162,-0.0734,-0.0037,0.0345,3926.3228497458913,0.01622571200425882,493.0,0.05983009708737863,,,0,30.0,1000.0,2.6666666666666665,1000.0,72.0,276.0,37.0,75.0,3.0,15.0,1.0,4.0,0.04418701914895895,0.4317724297380235,False
PFE,Pfizer Inc.,Health Care,Pharmaceuticals,26.222,149450.82,0.0712,-0.1234,-0.0816,-0.0292,849.5303867403345,0.011761133926716738,-280.0,-0.036031398790374425,,,0,87.66666666666667,1000.0,11.666666666666666,1000.0,207.0,282.0,64.0,261.0,26.0,30.0,4.0,5.0,0.002942461600278712,0.025120291080302174,False
PG,The Procter & Gamble Company,Consumer Staples,Household Products,148.35,345447.66,-0.0849,0.004,0.0192,0.0595,2786.4928377855103,0.028866688814009667,643.0,0.040252910980343115,,,1,39.333333333333336,1000.0,3.0,1000.0,100.0,255.0,46.0,57.0,6.0,12.0,1.0,2.0,0.03135931941756496,0.7667310596563605,False
PH,Parker-Hannifin Corporation,Industrials,Machinery,884.503,111523.79,0.3167,0.3531,0.2396,0.2286,1193.5453173630121,0.05727959697732987,-51.0,-0.014443500424808797,,,0,69.0,69.0,9.333333333333334,9.333333333333334,173.0,60.0,156.0,232.0,21.0,13.0,3.0,4.0,0.010222438220660011,0.0984308817559884,False
PLD,Prologis Inc.,Real Estate,Industrial REITs,146.03,139068.9,0.3459,0.0636,0.032,0.1132,642.7735618479874,0.019956138919529298,389.02,0.11688495085976625,,,0,83.0,83.0,3.3333333333333335,3.3333333333333335,233.0,219.0,231.0,83.0,8.0,8.0,1.0,1.0,0.04339634235749413,1.0,False
PM,Philip Morris International Inc.,Consumer Staples,Tobacco,183.121,285404.85,-0.0014,0.2545,0.1312,0.0609,3105.545101304466,0.02078823066325519,-252.0,-0.022206556221360585,,,0,31.666666666666668,31.666666666666668,2.0,2.0,89.0,93.0,90.0,259.0,4.0,2.0,1.0,1.0,0.034949948364072295,0.9593464238014919,False
PNC,The PNC Financial Services Group Inc.,Financials,Banks,233.195,93642.86,0.312,0.2177,0.0427,0.1035,2033.6119620714817,0.03234767025089602,279.0,0.04022491349480961,,,0,57.333333333333336,57.333333333333336,12.0,12.0,132.0,110.0,147.0,98.0,24.0,16.0,6.0,6.0,0.013055223931855214,0.05860740683192899,False
PRU,Prudential Financial Inc.,Financials,Insurance,105.382,36601.81,0.0074,0.076,-0.0003,0.0366,3134.071761239429,0.033576666176734715,-110.0,-0.03076062639821031,,,0,49.666666666666664,1000.0,10.333333333333334,1000.0,87.0,213.0,65.0,241.0,20.0,42.0,3.0,8.0,0.02011987017415391,0.09969467107095227,False
PSA,Public Storage,Real Estate,Specialized REITs,322.705,56801.29,0.0751,0.0399,0.0175,0.0293,132.6862256809336,0.007811788849995338,118.48000000000002,0.06639952924033965,,,0,93.66666666666667,1000.0,6.666666666666667,1000.0,261.0,230.0,278.0,149.0,11.0,9.0,5.0,4.0,0.00895820428459888,0.0406859495621119,False
PSX,Phillips 66,Energy,Oil Gas and Consumable Fuels,181.811,72894.4,0.5032,0.2249,0.1484,0.0854,-3292.916094662447,0.01593944521665569,-280.0,-0.06359300476947538,,,1,103.66666666666667,103.66666666666667,12.0,12.0,288.0,106.0,27.0,261.0,16.0,7.0,14.0,6.0,-0.10583945262977917,-0.10602918868177194,False
PWR,Quanta Services Inc.,Industrials,Construction and Engineering,668.55,100322.71,0.8791,0.5388,0.4861,0.3975,5246.13967709968,0.057635789702841,76.3599999999999,0.0742527081429043,,,2,22.333333333333332,22.333333333333332,3.3333333333333335,3.3333333333333335,53.0,37.0,112.0,167.0,6.0,8.0,1.0,3.0,0.04493196694415407,0.4854587094009595,True
PYPL,PayPal Holdings Inc.,Financials,Financial Services,40.557,35775.55,-0.4564,-0.1384,-0.3161,0.0098,1846.297948766427,0.01694199927649831,-174.0,-0.03325052551117902,,,0,72.33333333333333,1000.0,13.666666666666666,1000.0,142.0,284.0,105.0,247.0,28.0,47.0,6.0,7.0,0.011852719995567865,0.06710408645873951,False
QCOM,QUALCOMM Incorporated,Information Technology,Semiconductors and Semiconductor Equipment,194.805,205324.47,0.2215,0.1777,0.0767,0.1371,2198.9277566539968,0.0045614668954927495,4383.0,0.7910124526258797,,,2,63.0,1000.0,17.0,1000.0,124.0,128.0,85.0,14.0,28.0,37.0,9.0,14.0,0.005414327134372316,0.012236946893517677,False
RCL,Royal Caribbean Cruises Ltd.,Consumer Discretionary,Hotels Restaurants and Leisure,273.285,73293.66,0.0199,0.4402,0.2483,0.1395,1633.5580865603624,0.025257875662113127,211.0,0.049437675726335506,,,0,54.666666666666664,54.666666666666664,6.333333333333333,6.333333333333333,149.0,46.0,170.0,114.0,13.0,2.0,5.0,1.0,0.011129864645900827,0.09163547645382059,False
REGN,Regeneron Pharmaceuticals Inc.,Health Care,Biotechnology,614.084,62476.31,0.1841,-0.0629,0.0316,0.0513,833.8749244712981,0.04020804718711002,-81.5,-0.018091411574063798,,,0,89.0,1000.0,13.333333333333334,1000.0,213.0,273.0,189.0,237.0,28.0,26.0,6.0,6.0,0.002888236822354044,0.062059565915199774,False
RKT,Rocket Companies Inc.,Financials,Financial Services,12.655,35806.43,-0.0756,0.122,-0.0934,,3828.5839844863967,0.26021779097723097,307.0,-4.514705882352941,,,1,42.666666666666664,1000.0,9.333333333333334,1000.0,75.0,181.0,233.0,94.0,19.0,34.0,5.0,4.0,0.024578445736752354,0.1391506884797078,False
ROK,Rockwell Automation Inc.,Industrials,Electrical Equipment,447.845,49833.48,0.3778,0.1356,0.0952,0.1438,835.8580867046794,0.05538240230160629,219.0,0.25201380897583436,,,0,92.33333333333333,92.33333333333333,13.0,13.0,212.0,169.0,234.0,112.0,30.0,35.0,4.0,5.0,0.007158930229357086,0.09091779017379627,False
ROST,Ross Stores Inc.,Consumer Discretionary,Specialty Retail,238.48,76499.87,0.7485,0.3207,0.147,0.1608,2520.8660075093867,0.04507581351843637,170.72000000000025,0.07958825942639769,,,0,40.666666666666664,40.666666666666664,5.333333333333333,5.333333333333333,108.0,70.0,145.0,126.0,9.0,5.0,5.0,2.0,0.01717532892454948,0.0968037473252943,False
RSG,Republic Services Inc.,Industrials,Commercial Services and Supplies,212.015,65229.4,-0.1459,0.1391,0.141,0.1563,516.10669638531,0.00626845880296556,30.0,0.014025245441795287,,,0,103.66666666666667,1000.0,14.0,1000.0,241.0,165.0,181.0,203.0,37.0,33.0,3.0,2.0,0.0044203338929133685,0.13263490930888197,False
SBUX,Starbucks Corporation,Consumer Discretionary,Hotels Restaurants and Leisure,100.95,115052.71,0.0583,0.01,-0.0215,0.0628,2122.7715797430064,0.0346166672045265,-360.8000000000002,-0.19435466494290032,,,0,53.0,1000.0,7.666666666666667,1000.0,126.0,251.0,94.0,266.0,11.0,22.0,3.0,9.0,0.014463005969045298,0.11907821748901853,False
SCCO,Southern Copper Corporation,Materials,Metals and Mining,174.57,145648.24,0.8857,0.3814,0.2297,0.219,2594.2822514379623,0.0841654247391952,631.0,0.14556275807977115,,,0,37.666666666666664,37.666666666666664,3.6666666666666665,3.6666666666666665,106.0,54.0,193.0,58.0,4.0,3.0,4.0,3.0,0.11142288459317089,0.13262026083250128,False
SCHW,The Charles Schwab Corporation,Financials,Capital Markets,89.341,155376.11,0.0106,0.175,0.0386,0.1211,4338.653465346535,0.03691317252623216,570.0,0.0643922277451423,,,0,34.333333333333336,1000.0,9.666666666666666,1000.0,66.0,131.0,138.0,68.0,15.0,22.0,5.0,9.0,0.027852950124822126,0.09162092903140906,False
SHW,The Sherwin-Williams Company,Materials,Chemicals,307.325,75358.78,-0.1395,0.0845,0.0212,0.1217,898.4451395572651,0.01532176989348577,30.800000000000182,0.011991434689507585,,,0,73.33333333333333,1000.0,4.333333333333333,1000.0,202.0,206.0,144.0,201.0,8.0,10.0,2.0,3.0,0.03858768607104983,0.2837824234287425,False
SLB,SLB N.V.,Energy,Energy Equipment and Services,55.674,83235.84,0.5599,0.054,0.0979,-0.0338,-133.4681320887321,0.006469138568387933,-45.0,-0.01333728512151744,,,0,101.0,101.0,5.666666666666667,5.666666666666667,273.0,224.0,100.0,231.0,13.0,17.0,2.0,2.0,-0.004289873667503372,-2.397287282703755,False
SNDK,Sandisk Corporation,Information Technology,Technology Hardware Storage and Peripherals,1765.28,261419.89,42.8797,,,,5970.167651564893,0.7925220938137321,6148.0,-3.7464960390006095,,,3,37.0,37.0,7.0,7.0,47.0,290.0,202.0,9.0,12.0,52.0,4.0,5.0,0.014700092176655319,0.058819221342297355,False
SNOW,Snowflake Inc.,Information Technology,IT Services,237.655,82371.46,0.1392,0.1164,-0.0025,,1193.0244708934156,0.07448200770717017,134.51999999999998,-0.10101981045643649,,,0,83.0,1000.0,13.333333333333334,1000.0,174.0,185.0,276.0,137.0,34.0,41.0,3.0,3.0,0.0029375338708523074,0.10509350289279602,False
SNPS,Synopsys Inc.,Information Technology,Software,454.09,86948.85,-0.0931,0.0115,0.1153,0.2406,2458.048195828256,0.23038822371983692,-558.95,-0.4195628349671976,,,1,61.0,1000.0,14.0,1000.0,113.0,248.0,237.0,279.0,23.0,47.0,7.0,12.0,0.006052348470292185,0.030050112026670142,False
SO,The Southern Company,Utilities,Electric Utilities,94.337,106346.2,0.0535,0.0977,0.0811,0.0632,2322.8678235185507,0.02104693262951307,22.0,0.005067956692006437,,,0,42.666666666666664,1000.0,4.0,1000.0,118.0,197.0,111.0,207.0,4.0,6.0,3.0,5.0,0.08154206628767015,0.11677224997375323,False
SPCX,Space Exploration Technologies Corp.,Communication Services,Diversified Telecommunication Services,135.0,1767265.29,,,,,,0.0335760951054942,-3748.0,0.7591654851124165,,,1,109.0,1000.0,8.666666666666666,1000.0,296.0,290.0,166.0,294.0,16.0,15.0,5.0,5.0,,,False
SPG,Simon Property Group Inc.,Real Estate,Retail REITs,214.23,81483.21,0.3415,0.2454,0.098,0.0068,654.5492499098445,0.044635015107211684,65.86999999999989,0.014234129496651704,,,0,79.33333333333333,79.33333333333333,3.0,3.0,228.0,96.0,253.0,179.0,7.0,3.0,1.0,1.0,0.04419136850816251,0.5552531743381331,False
SPGI,S&P Global Inc.,Financials,Capital Markets,413.053,122255.27,-0.1964,0.0245,0.0103,0.144,1236.3116189072134,0.025691184141888312,305.0,0.06821740102885254,,,0,82.0,1000.0,21.666666666666668,1000.0,169.0,240.0,188.0,95.0,34.0,43.0,11.0,20.0,0.00793677719024982,0.02610764376581918,True
SRE,Sempra,Utilities,Multi-Utilities,91.66,59918.82,0.2064,0.0745,0.052,0.0531,208.20992516738988,-0.01072836082323747,120.0,0.065359477124183,,,0,94.66666666666667,1000.0,8.0,1000.0,259.0,214.0,200.0,147.0,15.0,10.0,5.0,4.0,0.007309011450351497,0.028706820141971477,False
STLD,Steel Dynamics Inc.,Materials,Metals and Mining,274.97,39654.19,1.1147,0.4033,0.3341,0.2663,1797.2454328141976,0.04597454526649125,186.2800000000002,0.15711875843454814,,,3,50.333333333333336,50.333333333333336,4.0,4.0,144.0,52.0,167.0,122.0,5.0,2.0,5.0,2.0,0.07719062578293576,0.09187556903175317,False
STT,State Street Corporation,Financials,Capital Markets,163.314,45199.93,0.6785,0.3015,0.1428,0.1067,1307.2649331757439,0.036586244148361535,120.0,0.04074702886247872,,,0,67.66666666666667,67.66666666666667,16.333333333333332,16.333333333333332,163.0,74.0,196.0,147.0,32.0,8.0,10.0,7.0,0.008392277759561676,0.02760599080437923,False
SYK,Stryker Corporation,Health Care,Health Care Equipment and Supplies,303.341,116289.04,-0.204,0.0262,0.0347,0.1022,2052.432929070197,0.006131549609810438,91.0,0.02803450400492924,,,0,55.666666666666664,1000.0,8.333333333333334,1000.0,130.0,238.0,135.0,159.0,18.0,19.0,4.0,3.0,0.00710887470913097,0.13273889562413138,False
SYY,Sysco Corporation,Consumer Staples,Consumer Staples Distribution and Retail,78.916,37736.26,0.0559,0.0284,-0.0024,0.0492,2779.103634957457,0.02700012289541598,-91.0,-0.04978118161925604,,,0,39.333333333333336,1000.0,4.666666666666667,1000.0,101.0,237.0,47.0,239.0,7.0,10.0,3.0,4.0,0.031276160986800694,0.04038528847832863,False
T,AT&T Inc.,Communication Services,Diversified Telecommunication Services,23.235,161444.65,-0.1801,0.1332,-0.0454,-0.0536,3589.795569374255,0.007003692856233368,-522.0,-0.023778071334214057,,,2,32.0,1000.0,3.3333333333333335,1000.0,80.0,172.0,29.0,276.0,6.0,10.0,2.0,2.0,0.025919939272077554,0.3883652868350244,False
TDG,TransDigm Group Incorporated,Industrials,Aerospace and Defense,1221.465,68320.91,-0.1456,0.1511,0.1303,0.1667,1114.7927442845794,0.07609557241535492,8.0,0.0038572806171648377,,,0,76.0,1000.0,13.333333333333334,1000.0,178.0,153.0,230.0,217.0,23.0,27.0,8.0,9.0,0.009547940737153534,0.020264275852750313,False
TER,Teradyne Inc.,Information Technology,Semiconductors and Semiconductor Equipment,365.273,57180.63,3.2087,0.5134,0.2332,0.3374,881.0388950276242,0.1870897361145072,300.01,0.5414854255031134,,,4,91.33333333333333,91.33333333333333,21.666666666666668,21.666666666666668,206.0,40.0,284.0,96.0,43.0,25.0,12.0,10.0,0.0021693449370269917,0.0049029469644704515,False
TFC,Truist Financial Corporation,Financials,Banks,50.018,62316.39,0.2424,0.1526,-0.0291,0.0336,7126.097651421507,0.012591587516960656,220.0,0.041454682494818096,,,0,24.333333333333332,1000.0,6.0,1000.0,40.0,149.0,168.0,111.0,7.0,26.0,3.0,8.0,0.04574756754715883,0.20536961424808625,False
TGT,Target Corporation,Consumer Staples,Consumer Staples Distribution and Retail,130.045,59065.28,0.3255,0.0079,-0.11,0.0671,497.633024783514,0.015241458293567378,-255.0,-0.06882591093117407,,,1,90.66666666666667,90.66666666666667,8.0,8.0,247.0,252.0,33.0,260.0,14.0,11.0,5.0,5.0,0.00560038510248504,0.007231487523326248,False
TJX,The TJX Companies Inc.,Consumer Discretionary,Specialty Retail,168.29,185910.71,0.3514,0.2839,0.2066,0.1588,4593.439200444198,0.020075531703438676,296.0,0.053876956680014576,,,0,25.333333333333332,25.333333333333332,3.6666666666666665,3.6666666666666665,63.0,82.0,67.0,97.0,5.0,8.0,3.0,3.0,0.03129631996604837,0.17639260729816725,False
TKO,TKO Group Holdings Inc.,Communication Services,Entertainment,210.061,40148.18,0.2737,,,,132.63305774661603,0.0692860838621796,30.94999999999999,0.1583930399181166,,,0,96.0,96.0,7.666666666666667,7.666666666666667,262.0,290.0,275.0,200.0,11.0,15.0,5.0,7.0,0.0009576703563822996,0.009446731718107032,False
TMO,Thermo Fisher Scientific Inc.,Health Care,Life Sciences Tools and Services,471.658,175278.24,0.1361,-0.0308,0.0028,0.1199,2299.315869400154,0.01438639016069665,144.0,0.021479713603818507,,,0,52.666666666666664,1000.0,7.0,1000.0,119.0,267.0,83.0,135.0,17.0,22.0,1.0,3.0,0.007963986642763123,0.4947445621363559,False
TRV,The Travelers Companies Inc.,Financials,Insurance,305.131,64884.49,0.1679,0.2016,0.1458,0.1036,1936.621590472525,0.002334725976898433,1316.0,0.20928753180661586,,,1,60.666666666666664,1000.0,12.0,1000.0,138.0,113.0,77.0,35.0,26.0,18.0,7.0,3.0,0.012432572686644983,0.06160383908207297,False
TSLA,Tesla Inc.,Consumer Discretionary,Automobiles,386.595,1451944.07,0.1843,0.1647,0.1371,0.3874,2153.8166259168647,0.03218492623408942,68.0,0.01792303637322079,,,2,49.0,1000.0,4.666666666666667,1000.0,125.0,142.0,34.0,176.0,10.0,12.0,2.0,2.0,0.014674524105243522,0.23565640718460173,True
TTWO,Take-Two Interactive Software Inc.,Communication Services,Entertainment,212.015,39364.12,-0.0968,0.1647,0.0261,0.1842,1023.0215301286389,0.18155353592729329,4180.7,-0.9334211525151265,,,2,69.0,1000.0,6.333333333333333,1000.0,188.0,142.0,252.0,15.0,10.0,9.0,4.0,5.0,0.007386675765379129,0.0728642625086367,False
TXN,Texas Instruments Incorporated,Information Technology,Semiconductors and Semiconductor Equipment,289.199,263197.93,0.4482,0.1918,0.0891,0.1665,2389.6058838889385,0.04275534441805218,366.0,0.07318536292741462,,,0,59.0,59.0,15.0,15.0,117.0,118.0,169.0,87.0,25.0,35.0,7.0,13.0,0.005883825850323943,0.01329806320789805,False
UNP,Union Pacific Corporation,Industrials,Ground Transportation,266.351,158136.11,0.18,0.1005,0.0377,0.116,453.41121036615004,0.007751937984496138,75.0,0.01050714485850368,,,0,109.66666666666667,1000.0,15.666666666666666,1000.0,250.0,193.0,141.0,169.0,40.0,39.0,2.0,5.0,0.0038833616278291187,0.05132080828044762,False
UPS,United Parcel Service Inc.,Industrials,Air Freight and Logistics,105.324,89526.06,0.0412,-0.1479,-0.1231,0.0008,-2590.874420998458,-0.003879947214671664,-323.0,-0.05796841349605164,,,0,126.66666666666667,1000.0,17.0,1000.0,286.0,285.0,45.0,264.0,47.0,47.0,2.0,2.0,-0.02219023720411421,-0.6290820422370924,False
URI,United Rentals Inc.,Industrials,Trading Companies and Distributors,1055.391,66116.61,0.4659,0.3934,0.2813,0.3086,786.703950499761,0.016522765389154648,13.0,0.005212510024057648,,,1,86.66666666666667,86.66666666666667,12.333333333333334,12.333333333333334,217.0,53.0,184.0,211.0,32.0,11.0,4.0,1.0,0.006737936477938547,0.21824549541042879,False
USB,U.S. Bancorp,Financials,Banks,56.642,88233.04,0.2815,0.1984,-0.0086,0.0304,1290.6387858026428,0.011117856871822207,236.0,0.031175693527080606,,,0,73.0,73.0,15.666666666666666,15.666666666666666,167.0,115.0,127.0,104.0,33.0,19.0,7.0,7.0,0.00828554251157525,0.037195391157884804,False
V,Visa Inc.,Financials,Financial Services,319.689,602262.97,-0.1436,0.1263,0.0635,0.1482,5406.120398705949,0.07567499999999994,2178.0,0.1085851032007179,,,2,30.666666666666668,1000.0,4.666666666666667,1000.0,51.0,177.0,86.0,21.0,10.0,31.0,2.0,2.0,0.034705791332867726,0.1964865805562422,False
VLO,Valero Energy Corporation,Energy,Oil Gas and Consumable Fuels,259.402,77024.96,0.935,0.3167,0.261,0.171,-4514.933963243704,0.01640517858529056,1858.0,0.791311754684838,,,3,104.0,104.0,12.0,12.0,291.0,71.0,31.0,24.0,17.0,4.0,15.0,4.0,-0.14511701045279682,-0.14537715851626629,False
VMC,Vulcan Materials Company,Materials,Construction Materials,274.179,35576.06,0.05,0.0986,0.0949,0.0902,555.5098696461828,0.015274961907040474,36.59999999999991,0.033992755642240136,,,0,85.33333333333333,1000.0,4.0,1000.0,238.0,194.0,241.0,193.0,10.0,8.0,1.0,1.0,0.02385881954889293,1.0,False
VRTX,Vertex Pharmaceuticals Incorporated,Health Care,Biotechnology,439.5,111547.48,-0.0286,0.0954,0.1788,0.1698,1118.7994186046508,0.01805637722580067,385.10000000000036,0.09741475260548427,,,0,71.0,1000.0,10.666666666666666,1000.0,177.0,200.0,208.0,85.0,23.0,13.0,4.0,5.0,0.0038751107424066346,0.08326453311784694,False
VTR,Ventas Inc.,Real Estate,Health Care REITs,84.42,41332.8,0.3313,0.2261,0.0776,0.021,1056.72923904053,0.05078006820869674,9.050000000000011,0.036001272973188,,,0,63.666666666666664,63.666666666666664,2.3333333333333335,2.3333333333333335,184.0,105.0,262.0,215.0,3.0,4.0,2.0,2.0,0.07134422844762603,0.2475363346720731,False
VZ,Verizon Communications Inc.,Communication Services,Diversified Telecommunication Services,47.713,199228.44,0.0908,0.1036,-0.036,-0.0098,3855.7715119105414,0.006910725011035401,166.0,0.00966577384418299,,,2,30.333333333333332,1000.0,3.0,1000.0,74.0,192.0,24.0,127.0,5.0,12.0,1.0,3.0,0.027840405255486145,0.41714013521234483,False
WAB,Westinghouse Air Brake Technologies Corporation,Industrials,Machinery,259.07,43958.31,0.2694,0.3766,0.2598,0.1317,1006.9543753992166,0.030446852332766117,40.0,0.03418803418803429,,,0,76.33333333333333,76.33333333333333,10.666666666666666,10.666666666666666,192.0,56.0,218.0,192.0,25.0,12.0,4.0,3.0,0.008624330173138323,0.08304285192754846,False
WAT,Waters Corporation,Health Care,Life Sciences Tools and Services,359.77,35324.33,0.0396,0.1297,0.0134,0.1004,786.7575160243728,0.19113572532058676,-193.0,-0.30032833823506533,,,1,85.0,1000.0,11.0,1000.0,216.0,174.0,285.0,249.0,29.0,10.0,3.0,1.0,0.0027250394050236356,0.16928687700246745,False
WBD,Warner Bros. Discovery Inc.,Communication Services,Entertainment,26.475,66364.34,1.519,0.2406,-0.0297,0.0012,-1131.0613086038138,-0.0023058773058772797,-2463.0,-3.3878954607977994,,,1,101.0,101.0,8.333333333333334,8.333333333333334,281.0,100.0,98.0,291.0,15.0,7.0,7.0,3.0,-0.008166771579451735,-0.08055934863179993,False
WEC,WEC Energy Group Inc.,Utilities,Multi-Utilities,114.62,37334.68,0.0856,0.084,0.0429,0.0624,1015.7352517985619,0.029050723972204207,80.20000000000005,0.051492776886035374,,,0,70.66666666666667,1000.0,6.666666666666667,1000.0,190.0,208.0,227.0,165.0,14.0,8.0,4.0,2.0,0.035656420220855585,0.1400438963790967,False
WELL,Welltower Inc.,Real Estate,Health Care REITs,211.92,149597.39,0.4105,0.3762,0.216,0.1137,3212.2571319520175,0.08570192184372982,470.7099999999999,0.5024390243902439,,,1,29.666666666666668,29.666666666666668,1.3333333333333333,1.3333333333333333,86.0,57.0,215.0,76.0,2.0,1.0,1.0,1.0,0.21687296820005078,0.7524636653279269,False
WFC,Wells Fargo & Company,Financials,Banks,81.266,248689.36,0.0846,0.2441,0.122,0.0533,3878.2869929537264,0.013667995152484291,359.0,0.01682444465273214,,,1,34.333333333333336,1000.0,9.0,1000.0,73.0,97.0,48.0,88.0,18.0,12.0,5.0,4.0,0.024897525245395152,0.11176977114920614,False
WM,Waste Management Inc.,Industrials,Commercial Services and Supplies,223.013,89556.61,-0.0481,0.1106,0.0977,0.1353,2491.560476233426,0.00829233455007139,86.0,0.03175775480059073,,,0,54.0,1000.0,6.333333333333333,1000.0,109.0,190.0,133.0,162.0,15.0,38.0,1.0,3.0,0.021339636351309053,0.6403092618587102,False
WMB,The Williams Companies Inc.,Energy,Oil Gas and Consumable Fuels,72.584,88770.11,0.2215,0.3356,0.2116,0.1265,1026.261577887608,0.023584108199492748,174.0,0.0664629488158901,,,0,65.0,65.0,4.666666666666667,4.666666666666667,187.0,66.0,211.0,124.0,6.0,2.0,6.0,2.0,0.032985645712218584,0.03304477835164899,False
XEL,Xcel Energy Inc.,Utilities,Electric Utilities,78.177,48803.52,0.1455,0.0718,0.0237,0.0622,1086.2329287501143,0.007839661871974934,73.0,0.036174430128840473,,,0,68.33333333333333,1000.0,9.333333333333334,1000.0,181.0,215.0,191.0,172.0,13.0,11.0,9.0,6.0,0.038131174138796,0.05460571703713965,False
XOM,Exxon Mobil Corporation,Energy,Oil Gas and Consumable Fuels,150.878,625307.17,0.3803,0.1197,0.1939,0.053,-13902.332603482471,0.006492644448217844,-3530.0,-0.12238247122451806,,,2,109.66666666666667,109.66666666666667,17.0,17.0,295.0,182.0,10.0,293.0,20.0,14.0,18.0,13.0,-0.4468426254209039,-0.44764367033849256,False
XYZ,Block Inc.,Financials,Financial Services,67.101,40309.09,0.0475,0.0109,-0.2108,0.2204,543.3335005377921,0.011782002572572559,-498.56000000000006,-0.3818510462302013,,,0,109.0,1000.0,18.666666666666668,1000.0,239.0,250.0,142.0,275.0,43.0,45.0,7.0,6.0,0.003488050154845775,0.019747570114768128,False
YUM,Yum! Brands Inc.,Consumer Discretionary,Hotels Restaurants and Leisure,152.492,42030.03,0.0633,0.0454,0.0497,0.0633,748.2412692623329,0.033114195276357394,179.0,0.114817190506735,,,0,86.33333333333333,1000.0,11.333333333333334,1000.0,223.0,229.0,239.0,123.0,19.0,17.0,8.0,7.0,0.005097966284689611,0.04197306834410614,False
